1784065146|cdnserver|A|/_root/.env.example/activity/3384b58-001.added
1784065146|cdnserver|A|/_root/.env.persistent.example/activity/3384b58-002.added
1784065146|cdnserver|A|/_root/.gitignore/activity/3384b58-003.added
1784065146|cdnserver|A|/_root/Dockerfile/activity/3384b58-004.added
1784065146|cdnserver|A|/_root/README_RU.md/activity/3384b58-005.added
1784065146|cdnserver|A|/_root/docker-compose.yml/activity/3384b58-006.added
1784065146|cdnserver|A|/docs/audit.md/activity/3384b58-007.added
1784065146|cdnserver|A|/docs/craft.md/activity/3384b58-008.added
1784065146|cdnserver|A|/docs/finance.md/activity/3384b58-009.added
1784065146|cdnserver|A|/docs/tvrs.md/activity/3384b58-010.added
1784065146|cdnserver|A|/_root/localization.example.json/activity/3384b58-011.added
1784065146|cdnserver|A|/_root/localization.json/activity/3384b58-012.added
1784065146|cdnserver|A|/_root/localization.py/activity/3384b58-013.added
1784065146|cdnserver|A|/_root/main.py/activity/3384b58-014.added
1784065146|cdnserver|A|/_root/merge_env_windows.ps1/activity/3384b58-015.added
1784065146|cdnserver|A|/_root/merge_localization_windows.ps1/activity/3384b58-016.added
1784065146|cdnserver|A|/modules/__init__.py/activity/3384b58-017.added
1784065146|cdnserver|A|/modules/craft.py/activity/3384b58-018.added
1784065146|cdnserver|A|/modules/finance.py/activity/3384b58-019.added
1784065146|cdnserver|A|/modules/links.py/activity/3384b58-020.added
1784065146|cdnserver|A|/modules/sgbureau.py/activity/3384b58-021.added
1784065146|cdnserver|A|/modules/sgcontract.py/activity/3384b58-022.added
1784065146|cdnserver|A|/modules/sglaudio.py/activity/3384b58-023.added
1784065146|cdnserver|A|/modules/tvrs.py/activity/3384b58-024.added
1784065146|cdnserver|A|/modules/zigmund.py/activity/3384b58-025.added
1784065146|cdnserver|A|/_root/open_persistent_folder.bat/activity/3384b58-026.added
1784065146|cdnserver|A|/_root/repair_docker_desktop_windows.bat/activity/3384b58-027.added
1784065146|cdnserver|A|/_root/requirements.txt/activity/3384b58-028.added
1784065146|cdnserver|A|/_root/run_windows.bat/activity/3384b58-029.added
1784065146|cdnserver|A|/_root/storage.py/activity/3384b58-030.added
1784065146|cdnserver|A|/templates/dogovorv1.docx/activity/3384b58-031.added
1784065146|cdnserver|A|/tests/test_craft_storage.py/activity/3384b58-032.added
1784065146|cdnserver|A|/tests/test_craft_ui.py/activity/3384b58-033.added
1784065146|cdnserver|A|/tests/test_finance_storage.py/activity/3384b58-034.added
1784065146|cdnserver|A|/tests/test_finance_ui.py/activity/3384b58-035.added
1784065146|cdnserver|A|/tests/test_localization.py/activity/3384b58-036.added
1784065146|cdnserver|A|/tests/test_tvrs_universality.py/activity/3384b58-037.added
1784065146|cdnserver|A|/tests/test_universal_audit.py/activity/3384b58-038.added
1784068848|cdnserver|A|/_root/README_RU.md/activity/5fc42f8-001.modified
1784068848|cdnserver|A|/_root/install_desktop_launcher_windows.bat/activity/5fc42f8-002.added
1784068848|cdnserver|A|/_root/start_tmod_windows.bat/activity/5fc42f8-003.added
1784069352|cdnserver|A|/_root/run_windows.bat/activity/a297be5-001.modified
1784072365|cdnserver|A|/_root/.env.example/activity/30b3edd-001.modified
1784072365|cdnserver|A|/_root/.env.persistent.example/activity/30b3edd-002.modified
1784072365|cdnserver|A|/_root/README_RU.md/activity/30b3edd-003.modified
1784072365|cdnserver|A|/docs/audit.md/activity/30b3edd-004.modified
1784072365|cdnserver|A|/docs/craft.md/activity/30b3edd-005.modified
1784072365|cdnserver|A|/docs/finance.md/activity/30b3edd-006.modified
1784072365|cdnserver|A|/docs/tvrs.md/activity/30b3edd-007.modified
1784072365|cdnserver|A|/_root/main.py/activity/30b3edd-008.modified
1784072365|cdnserver|A|/modules/craft.py/activity/30b3edd-009.modified
1784072365|cdnserver|A|/modules/finance.py/activity/30b3edd-010.modified
1784072365|cdnserver|A|/modules/operations.py/activity/30b3edd-011.added
1784072365|cdnserver|A|/modules/tvrs.py/activity/30b3edd-012.modified
1784072365|cdnserver|A|/_root/storage.py/activity/30b3edd-013.modified
1784072365|cdnserver|A|/tests/test_finance_storage.py/activity/30b3edd-014.modified
1784072365|cdnserver|A|/tests/test_finance_ui.py/activity/30b3edd-015.modified
1784072365|cdnserver|A|/tests/test_operations_ui.py/activity/30b3edd-016.added
1784101847|cdnserver|A|/_root/.env.example/activity/11e68a1-001.modified
1784101847|cdnserver|A|/_root/.env.persistent.example/activity/11e68a1-002.modified
1784101847|cdnserver|A|/_root/README_RU.md/activity/11e68a1-003.modified
1784101847|cdnserver|A|/docs/audit.md/activity/11e68a1-004.modified
1784101847|cdnserver|A|/docs/craft.md/activity/11e68a1-005.modified
1784101847|cdnserver|A|/docs/finance.md/activity/11e68a1-006.modified
1784101847|cdnserver|A|/docs/operations-center.md/activity/11e68a1-007.added
1784101847|cdnserver|A|/docs/tvrs.md/activity/11e68a1-008.modified
1784101847|cdnserver|A|/_root/main.py/activity/11e68a1-009.modified
1784101847|cdnserver|A|/modules/control_center.py/activity/11e68a1-010.added
1784101847|cdnserver|A|/modules/craft.py/activity/11e68a1-011.modified
1784101847|cdnserver|A|/modules/finance.py/activity/11e68a1-012.modified
1784101847|cdnserver|A|/modules/operations.py/activity/11e68a1-013.modified
1784101847|cdnserver|A|/modules/tvrs.py/activity/11e68a1-014.modified
1784101847|cdnserver|A|/tests/test_operations_ui.py/activity/11e68a1-015.modified
1784101847|cdnserver|A|/tests/test_tvrs_universality.py/activity/11e68a1-016.modified
1784103533|cdnserver|A|/_root/.gitbook.yaml/activity/d51279b-001.added
1784103533|cdnserver|A|/_root/README_RU.md/activity/d51279b-002.modified
1784103533|cdnserver|A|/docs/craft.md/activity/d51279b-003.modified
1784103533|cdnserver|A|/docs/gitbook-sync.md/activity/d51279b-004.added
1784103533|cdnserver|A|/docs/operations-center.md/activity/d51279b-005.modified
1784103533|cdnserver|A|/gitbook/.source-manifest.json/activity/d51279b-006.added
1784103533|cdnserver|A|/gitbook/README.md/activity/d51279b-007.added
1784103533|cdnserver|A|/gitbook/SUMMARY.md/activity/d51279b-008.added
1784103533|cdnserver|A|/gitbook/consensus.md/activity/d51279b-009.added
1784103533|cdnserver|A|/gitbook/consensus/chair.md/activity/d51279b-010.added
1784103533|cdnserver|M|/gitbook/consensus/activity/d51279b-011.dir1.added
1784103533|cdnserver|A|/gitbook/consensus/decision-rules.md/activity/d51279b-012.added
1784103533|cdnserver|M|/gitbook/consensus/activity/d51279b-013.dir1.added
1784103533|cdnserver|A|/gitbook/consensus/participant.md/activity/d51279b-014.added
1784103533|cdnserver|M|/gitbook/consensus/activity/d51279b-015.dir1.added
1784103533|cdnserver|A|/gitbook/dokumentaciya-t-mod.md/activity/d51279b-016.added
1784103533|cdnserver|A|/gitbook/glossary.md/activity/d51279b-017.added
1784103533|cdnserver|A|/gitbook/help.md/activity/d51279b-018.added
1784103533|cdnserver|A|/gitbook/help/faq.md/activity/d51279b-019.added
1784103533|cdnserver|M|/gitbook/help/activity/d51279b-020.dir1.added
1784103533|cdnserver|A|/gitbook/interface.md/activity/d51279b-021.added
1784103533|cdnserver|A|/gitbook/privacy.md/activity/d51279b-022.added
1784103533|cdnserver|A|/gitbook/responsible.md/activity/d51279b-023.added
1784103533|cdnserver|A|/gitbook/responsible/sgl-care.md/activity/d51279b-024.added
1784103533|cdnserver|M|/gitbook/responsible/activity/d51279b-025.dir1.added
1784103533|cdnserver|A|/gitbook/responsible/tvrs-care.md/activity/d51279b-026.added
1784103533|cdnserver|M|/gitbook/responsible/activity/d51279b-027.dir1.added
1784103533|cdnserver|A|/gitbook/sgl.md/activity/d51279b-028.added
1784103533|cdnserver|A|/gitbook/sgl/case-lifecycle.md/activity/d51279b-029.added
1784103533|cdnserver|M|/gitbook/sgl/activity/d51279b-030.dir1.added
1784103533|cdnserver|A|/gitbook/sgl/overview.md/activity/d51279b-031.added
1784103533|cdnserver|M|/gitbook/sgl/activity/d51279b-032.dir1.added
1784103533|cdnserver|A|/gitbook/sgl/payments-and-contracts.md/activity/d51279b-033.added
1784103533|cdnserver|M|/gitbook/sgl/activity/d51279b-034.dir1.added
1784103533|cdnserver|A|/gitbook/sgl/registry-and-news.md/activity/d51279b-035.added
1784103533|cdnserver|M|/gitbook/sgl/activity/d51279b-036.dir1.added
1784103533|cdnserver|A|/gitbook/start.md/activity/d51279b-037.added
1784103533|cdnserver|A|/gitbook/start/commands.md/activity/d51279b-038.added
1784103533|cdnserver|M|/gitbook/start/activity/d51279b-039.dir1.added
1784103533|cdnserver|A|/gitbook/start/first-steps.md/activity/d51279b-040.added
1784103533|cdnserver|M|/gitbook/start/activity/d51279b-041.dir1.added
1784103533|cdnserver|A|/gitbook/start/roles-and-privacy.md/activity/d51279b-042.added
1784103533|cdnserver|M|/gitbook/start/activity/d51279b-043.dir1.added
1784103533|cdnserver|A|/gitbook/tools.md/activity/d51279b-044.added
1784103533|cdnserver|A|/gitbook/tools/ai.md/activity/d51279b-045.added
1784103533|cdnserver|M|/gitbook/tools/activity/d51279b-046.dir1.added
1784103533|cdnserver|A|/gitbook/tools/links-and-activity.md/activity/d51279b-047.added
1784103533|cdnserver|M|/gitbook/tools/activity/d51279b-048.dir1.added
1784103533|cdnserver|A|/gitbook/troubleshooting.md/activity/d51279b-049.added
1784103533|cdnserver|A|/gitbook/tvrs.md/activity/d51279b-050.added
1784103533|cdnserver|A|/gitbook/tvrs/audit.md/activity/d51279b-051.added
1784103533|cdnserver|M|/gitbook/tvrs/activity/d51279b-052.dir1.added
1784103533|cdnserver|A|/gitbook/tvrs/bills.md/activity/d51279b-053.added
1784103533|cdnserver|M|/gitbook/tvrs/activity/d51279b-054.dir1.added
1784103533|cdnserver|A|/gitbook/tvrs/craft.md/activity/d51279b-055.added
1784103533|cdnserver|M|/gitbook/tvrs/activity/d51279b-056.dir1.added
1784103533|cdnserver|A|/gitbook/tvrs/finance.md/activity/d51279b-057.added
1784103533|cdnserver|M|/gitbook/tvrs/activity/d51279b-058.dir1.added
1784103533|cdnserver|A|/gitbook/tvrs/operations-center.md/activity/d51279b-059.added
1784103533|cdnserver|M|/gitbook/tvrs/activity/d51279b-060.dir1.added
1784103533|cdnserver|A|/gitbook/tvrs/universality.md/activity/d51279b-061.added
1784103533|cdnserver|M|/gitbook/tvrs/activity/d51279b-062.dir1.added
1784103533|cdnserver|A|/gitbook/version.md/activity/d51279b-063.added
1784103533|cdnserver|A|/modules/craft.py/activity/d51279b-064.modified
1784103533|cdnserver|A|/scripts/sync_gitbook_docs.py/activity/d51279b-065.added
1784103533|cdnserver|A|/_root/storage.py/activity/d51279b-066.modified
1784103533|cdnserver|A|/tests/test_craft_storage.py/activity/d51279b-067.modified
1784103533|cdnserver|A|/tests/test_craft_ui.py/activity/d51279b-068.modified
1784103650|unkn0wn|A|/gitbook/README.md/activity/3011971-001.modified
1784103650|unkn0wn|A|/gitbook/SUMMARY.md/activity/3011971-002.modified
1784103650|unkn0wn|A|/gitbook/consensus/README.md/activity/3011971-003.added
1784103650|unkn0wn|M|/gitbook/consensus/activity/3011971-004.dir1.added
1784103650|unkn0wn|A|/gitbook/consensus/decision-rules.md/activity/3011971-005.modified
1784103650|unkn0wn|M|/gitbook/consensus/activity/3011971-006.dir1.modified
1784103650|unkn0wn|A|/gitbook/consensus/participant.md/activity/3011971-007.modified
1784103650|unkn0wn|M|/gitbook/consensus/activity/3011971-008.dir1.modified
1784103650|unkn0wn|A|/gitbook/help/README.md/activity/3011971-009.added
1784103650|unkn0wn|M|/gitbook/help/activity/3011971-010.dir1.added
1784103650|unkn0wn|A|/gitbook/help/faq.md/activity/3011971-011.modified
1784103650|unkn0wn|M|/gitbook/help/activity/3011971-012.dir1.modified
1784103650|unkn0wn|A|/gitbook/readme.md/activity/3011971-013.added
1784103650|unkn0wn|A|/gitbook/responsible/README.md/activity/3011971-014.added
1784103650|unkn0wn|M|/gitbook/responsible/activity/3011971-015.dir1.added
1784103650|unkn0wn|A|/gitbook/sgl/README.md/activity/3011971-016.added
1784103650|unkn0wn|M|/gitbook/sgl/activity/3011971-017.dir1.added
1784103650|unkn0wn|A|/gitbook/sgl/case-lifecycle.md/activity/3011971-018.modified
1784103650|unkn0wn|M|/gitbook/sgl/activity/3011971-019.dir1.modified
1784103650|unkn0wn|A|/gitbook/start/README.md/activity/3011971-020.added
1784103650|unkn0wn|M|/gitbook/start/activity/3011971-021.dir1.added
1784103650|unkn0wn|A|/gitbook/start/commands.md/activity/3011971-022.modified
1784103650|unkn0wn|M|/gitbook/start/activity/3011971-023.dir1.modified
1784103650|unkn0wn|A|/gitbook/start/first-steps.md/activity/3011971-024.modified
1784103650|unkn0wn|M|/gitbook/start/activity/3011971-025.dir1.modified
1784103650|unkn0wn|A|/gitbook/start/roles-and-privacy.md/activity/3011971-026.modified
1784103650|unkn0wn|M|/gitbook/start/activity/3011971-027.dir1.modified
1784103650|unkn0wn|A|/gitbook/summary.md/activity/3011971-028.added
1784103650|unkn0wn|A|/gitbook/tools/README.md/activity/3011971-029.added
1784103650|unkn0wn|M|/gitbook/tools/activity/3011971-030.dir1.added
1784103650|unkn0wn|A|/gitbook/tvrs/README.md/activity/3011971-031.added
1784103650|unkn0wn|M|/gitbook/tvrs/activity/3011971-032.dir1.added
1784103650|unkn0wn|A|/gitbook/tvrs/bills.md/activity/3011971-033.modified
1784103650|unkn0wn|M|/gitbook/tvrs/activity/3011971-034.dir1.modified
1784103650|unkn0wn|A|/gitbook/tvrs/craft.md/activity/3011971-035.modified
1784103650|unkn0wn|M|/gitbook/tvrs/activity/3011971-036.dir1.modified
1784103650|unkn0wn|A|/gitbook/tvrs/finance.md/activity/3011971-037.modified
1784103650|unkn0wn|M|/gitbook/tvrs/activity/3011971-038.dir1.modified
1784103650|unkn0wn|A|/gitbook/tvrs/universality.md/activity/3011971-039.modified
1784103650|unkn0wn|M|/gitbook/tvrs/activity/3011971-040.dir1.modified
1784103650|unkn0wn|A|/gitbook/version.md/activity/3011971-041.modified
1784104168|cdnserver|A|/gitbook/README.md/activity/2f2b9cc-001.modified
1784104168|cdnserver|A|/gitbook/SUMMARY.md/activity/2f2b9cc-002.modified
1784104168|cdnserver|A|/gitbook/consensus/README.md/activity/2f2b9cc-003.modified
1784104168|cdnserver|M|/gitbook/consensus/activity/2f2b9cc-004.dir1.modified
1784104168|cdnserver|A|/gitbook/consensus/decision-rules.md/activity/2f2b9cc-005.modified
1784104168|cdnserver|M|/gitbook/consensus/activity/2f2b9cc-006.dir1.modified
1784104168|cdnserver|A|/gitbook/consensus/participant.md/activity/2f2b9cc-007.modified
1784104168|cdnserver|M|/gitbook/consensus/activity/2f2b9cc-008.dir1.modified
1784104168|cdnserver|A|/gitbook/help/README.md/activity/2f2b9cc-009.modified
1784104168|cdnserver|M|/gitbook/help/activity/2f2b9cc-010.dir1.modified
1784104168|cdnserver|A|/gitbook/help/faq.md/activity/2f2b9cc-011.modified
1784104168|cdnserver|M|/gitbook/help/activity/2f2b9cc-012.dir1.modified
1784104168|cdnserver|A|/gitbook/readme.md/activity/2f2b9cc-013.deleted
1784104168|cdnserver|A|/gitbook/responsible/README.md/activity/2f2b9cc-014.modified
1784104168|cdnserver|M|/gitbook/responsible/activity/2f2b9cc-015.dir1.modified
1784104168|cdnserver|A|/gitbook/sgl/README.md/activity/2f2b9cc-016.modified
1784104168|cdnserver|M|/gitbook/sgl/activity/2f2b9cc-017.dir1.modified
1784104168|cdnserver|A|/gitbook/sgl/case-lifecycle.md/activity/2f2b9cc-018.modified
1784104168|cdnserver|M|/gitbook/sgl/activity/2f2b9cc-019.dir1.modified
1784104168|cdnserver|A|/gitbook/start/README.md/activity/2f2b9cc-020.modified
1784104168|cdnserver|M|/gitbook/start/activity/2f2b9cc-021.dir1.modified
1784104168|cdnserver|A|/gitbook/start/first-steps.md/activity/2f2b9cc-022.modified
1784104168|cdnserver|M|/gitbook/start/activity/2f2b9cc-023.dir1.modified
1784104168|cdnserver|A|/gitbook/start/roles-and-privacy.md/activity/2f2b9cc-024.modified
1784104168|cdnserver|M|/gitbook/start/activity/2f2b9cc-025.dir1.modified
1784104168|cdnserver|A|/gitbook/summary.md/activity/2f2b9cc-026.deleted
1784104168|cdnserver|A|/gitbook/tools/README.md/activity/2f2b9cc-027.modified
1784104168|cdnserver|M|/gitbook/tools/activity/2f2b9cc-028.dir1.modified
1784104168|cdnserver|A|/gitbook/tvrs/README.md/activity/2f2b9cc-029.modified
1784104168|cdnserver|M|/gitbook/tvrs/activity/2f2b9cc-030.dir1.modified
1784104168|cdnserver|A|/gitbook/tvrs/bills.md/activity/2f2b9cc-031.modified
1784104168|cdnserver|M|/gitbook/tvrs/activity/2f2b9cc-032.dir1.modified
1784104168|cdnserver|A|/gitbook/tvrs/universality.md/activity/2f2b9cc-033.modified
1784104168|cdnserver|M|/gitbook/tvrs/activity/2f2b9cc-034.dir1.modified
1784104168|cdnserver|A|/scripts/sync_gitbook_docs.py/activity/2f2b9cc-035.modified
1784120169|cdnserver|A|/gitbook/README.md/activity/4d731e5-001.modified
1784120169|cdnserver|A|/gitbook/SUMMARY.md/activity/4d731e5-002.modified
1784120169|cdnserver|A|/gitbook/changelog/2026-07-15-operations-center-and-flexible-craft.md/activity/4d731e5-003.added
1784120169|cdnserver|M|/gitbook/changelog/activity/4d731e5-004.dir1.added
1784120169|cdnserver|A|/gitbook/changelog/README.md/activity/4d731e5-005.added
1784120169|cdnserver|M|/gitbook/changelog/activity/4d731e5-006.dir1.added
1784120169|cdnserver|A|/gitbook/version.md/activity/4d731e5-007.modified
1784124926|cdnserver|A|/_root/.env.example/activity/5be5ea2-001.modified
1784124926|cdnserver|A|/_root/.env.persistent.example/activity/5be5ea2-002.modified
1784124926|cdnserver|A|/_root/README_RU.md/activity/5be5ea2-003.modified
1784124926|cdnserver|A|/docs/majestic-api.md/activity/5be5ea2-004.added
1784124926|cdnserver|A|/modules/majestic_api.py/activity/5be5ea2-005.added
1784124926|cdnserver|A|/tests/test_majestic_api.py/activity/5be5ea2-006.added
1784126580|cdnserver|A|/_root/.env.example/activity/3ec8bbc-001.modified
1784126580|cdnserver|A|/_root/.env.persistent.example/activity/3ec8bbc-002.modified
1784126580|cdnserver|A|/_root/README_RU.md/activity/3ec8bbc-003.modified
1784126580|cdnserver|A|/docs/majestic-api.md/activity/3ec8bbc-004.modified
1784126580|cdnserver|A|/docs/operations-center.md/activity/3ec8bbc-005.modified
1784126580|cdnserver|A|/gitbook/SUMMARY.md/activity/3ec8bbc-006.modified
1784126580|cdnserver|A|/gitbook/changelog/2026-07-15-majestic-api-connection.md/activity/3ec8bbc-007.added
1784126580|cdnserver|M|/gitbook/changelog/activity/3ec8bbc-008.dir1.added
1784126580|cdnserver|A|/gitbook/changelog/README.md/activity/3ec8bbc-009.modified
1784126580|cdnserver|M|/gitbook/changelog/activity/3ec8bbc-010.dir1.modified
1784126580|cdnserver|A|/gitbook/tvrs/operations-center.md/activity/3ec8bbc-011.modified
1784126580|cdnserver|M|/gitbook/tvrs/activity/3ec8bbc-012.dir1.modified
1784126580|cdnserver|A|/modules/control_center.py/activity/3ec8bbc-013.modified
1784126580|cdnserver|A|/modules/majestic_api.py/activity/3ec8bbc-014.modified
1784126580|cdnserver|A|/tests/test_majestic_api.py/activity/3ec8bbc-015.modified
1784126580|cdnserver|A|/tests/test_operations_ui.py/activity/3ec8bbc-016.modified
1784130407|cdnserver|A|/_root/.env.example/activity/7debd50-001.modified
1784130407|cdnserver|A|/_root/.env.persistent.example/activity/7debd50-002.modified
1784130407|cdnserver|A|/_root/README_RU.md/activity/7debd50-003.modified
1784130407|cdnserver|A|/docs/majestic-api.md/activity/7debd50-004.modified
1784130407|cdnserver|A|/docs/market.md/activity/7debd50-005.added
1784130407|cdnserver|A|/docs/operations-center.md/activity/7debd50-006.modified
1784130407|cdnserver|A|/gitbook/SUMMARY.md/activity/7debd50-007.modified
1784130407|cdnserver|A|/gitbook/changelog/2026-07-15-market-catalog.md/activity/7debd50-008.added
1784130407|cdnserver|M|/gitbook/changelog/activity/7debd50-009.dir1.added
1784130407|cdnserver|A|/gitbook/changelog/README.md/activity/7debd50-010.modified
1784130407|cdnserver|M|/gitbook/changelog/activity/7debd50-011.dir1.modified
1784130407|cdnserver|A|/gitbook/start/commands.md/activity/7debd50-012.modified
1784130407|cdnserver|M|/gitbook/start/activity/7debd50-013.dir1.modified
1784130407|cdnserver|A|/gitbook/tvrs/market.md/activity/7debd50-014.added
1784130407|cdnserver|M|/gitbook/tvrs/activity/7debd50-015.dir1.added
1784130407|cdnserver|A|/gitbook/tvrs/operations-center.md/activity/7debd50-016.modified
1784130407|cdnserver|M|/gitbook/tvrs/activity/7debd50-017.dir1.modified
1784130407|cdnserver|A|/gitbook/tvrs/universality.md/activity/7debd50-018.modified
1784130407|cdnserver|M|/gitbook/tvrs/activity/7debd50-019.dir1.modified
1784130407|cdnserver|A|/gitbook/version.md/activity/7debd50-020.modified
1784130407|cdnserver|A|/_root/main.py/activity/7debd50-021.modified
1784130407|cdnserver|A|/modules/control_center.py/activity/7debd50-022.modified
1784130407|cdnserver|A|/modules/majestic_api.py/activity/7debd50-023.modified
1784130407|cdnserver|A|/modules/market.py/activity/7debd50-024.added
1784130407|cdnserver|A|/modules/tvrs.py/activity/7debd50-025.modified
1784130407|cdnserver|A|/_root/storage.py/activity/7debd50-026.modified
1784130407|cdnserver|A|/tests/test_majestic_api.py/activity/7debd50-027.modified
1784130407|cdnserver|A|/tests/test_market.py/activity/7debd50-028.added
1784130407|cdnserver|A|/tests/test_operations_ui.py/activity/7debd50-029.modified
1784130407|cdnserver|A|/tests/test_tvrs_universality.py/activity/7debd50-030.modified
1784131182|cdnserver|A|/gitbook/SUMMARY.md/activity/634e749-001.modified
1784131182|cdnserver|A|/gitbook/changelog/2026-07-15-majestic-api-connection.md/activity/634e749-002.deleted
1784131182|cdnserver|M|/gitbook/changelog/activity/634e749-003.dir1.deleted
1784131182|cdnserver|A|/gitbook/changelog/2026-07-15-market-catalog.md/activity/634e749-004.deleted
1784131182|cdnserver|M|/gitbook/changelog/activity/634e749-005.dir1.deleted
1784131182|cdnserver|A|/gitbook/changelog/2026-07-15-operations-center-and-flexible-craft.md/activity/634e749-006.deleted
1784131182|cdnserver|M|/gitbook/changelog/activity/634e749-007.dir1.deleted
1784131182|cdnserver|A|/gitbook/changelog/2026-07-15.md/activity/634e749-008.added
1784131182|cdnserver|M|/gitbook/changelog/activity/634e749-009.dir1.added
1784131182|cdnserver|A|/gitbook/changelog/README.md/activity/634e749-010.modified
1784131182|cdnserver|M|/gitbook/changelog/activity/634e749-011.dir1.modified
1784138946|cdnserver|A|/_root/README_RU.md/activity/c4de548-001.modified
1784138946|cdnserver|A|/docs/majestic-api.md/activity/c4de548-002.modified
1784138946|cdnserver|A|/docs/market.md/activity/c4de548-003.modified
1784138946|cdnserver|A|/gitbook/changelog/2026-07-15.md/activity/c4de548-004.modified
1784138946|cdnserver|M|/gitbook/changelog/activity/c4de548-005.dir1.modified
1784138946|cdnserver|A|/gitbook/start/commands.md/activity/c4de548-006.modified
1784138946|cdnserver|M|/gitbook/start/activity/c4de548-007.dir1.modified
1784138946|cdnserver|A|/gitbook/tvrs/market.md/activity/c4de548-008.modified
1784138946|cdnserver|M|/gitbook/tvrs/activity/c4de548-009.dir1.modified
1784138946|cdnserver|A|/gitbook/version.md/activity/c4de548-010.modified
1784138946|cdnserver|A|/modules/control_center.py/activity/c4de548-011.modified
1784138946|cdnserver|A|/modules/majestic_api.py/activity/c4de548-012.modified
1784138946|cdnserver|A|/modules/market.py/activity/c4de548-013.modified
1784138946|cdnserver|A|/_root/storage.py/activity/c4de548-014.modified
1784138946|cdnserver|A|/tests/test_majestic_api.py/activity/c4de548-015.modified
1784138946|cdnserver|A|/tests/test_market.py/activity/c4de548-016.modified
1784139359|cdnserver|A|/gitbook/changelog/2026-07-15.md/activity/b093915-001.modified
1784139359|cdnserver|M|/gitbook/changelog/activity/b093915-002.dir1.modified
1784139359|cdnserver|A|/modules/market.py/activity/b093915-003.modified
1784139359|cdnserver|A|/tests/test_market.py/activity/b093915-004.modified
1784140705|cdnserver|A|/_root/README_RU.md/activity/464b473-001.modified
1784140705|cdnserver|A|/docs/market.md/activity/464b473-002.modified
1784140705|cdnserver|A|/docs/operations-center.md/activity/464b473-003.modified
1784140705|cdnserver|A|/gitbook/changelog/2026-07-15.md/activity/464b473-004.modified
1784140705|cdnserver|M|/gitbook/changelog/activity/464b473-005.dir1.modified
1784140705|cdnserver|A|/gitbook/tvrs/market.md/activity/464b473-006.modified
1784140705|cdnserver|M|/gitbook/tvrs/activity/464b473-007.dir1.modified
1784140705|cdnserver|A|/gitbook/tvrs/operations-center.md/activity/464b473-008.modified
1784140705|cdnserver|M|/gitbook/tvrs/activity/464b473-009.dir1.modified
1784140705|cdnserver|A|/modules/control_center.py/activity/464b473-010.modified
1784140705|cdnserver|A|/modules/market.py/activity/464b473-011.modified
1784140705|cdnserver|A|/tests/test_market.py/activity/464b473-012.modified
1784140705|cdnserver|A|/tests/test_operations_ui.py/activity/464b473-013.modified
1784145003|cdnserver|A|/docs/operations-center.md/activity/bc73c96-001.modified
1784145003|cdnserver|A|/gitbook/changelog/2026-07-15.md/activity/bc73c96-002.modified
1784145003|cdnserver|M|/gitbook/changelog/activity/bc73c96-003.dir1.modified
1784145003|cdnserver|A|/gitbook/tvrs/operations-center.md/activity/bc73c96-004.modified
1784145003|cdnserver|M|/gitbook/tvrs/activity/bc73c96-005.dir1.modified
1784145003|cdnserver|A|/modules/control_center.py/activity/bc73c96-006.modified
1784145003|cdnserver|A|/modules/operations.py/activity/bc73c96-007.modified
1784145003|cdnserver|A|/tests/test_operations_ui.py/activity/bc73c96-008.modified
1784203141|cdnserver|A|/modules/consensus_core.py/activity/16c9524-001.added
1784203141|cdnserver|A|/modules/craft.py/activity/16c9524-002.modified
1784203141|cdnserver|A|/modules/tvrs.py/activity/16c9524-003.modified
1784203141|cdnserver|A|/_root/storage.py/activity/16c9524-004.modified
1784203141|cdnserver|A|/tests/test_craft_ui.py/activity/16c9524-005.modified
1784203141|cdnserver|A|/tests/test_universal_audit.py/activity/16c9524-006.modified
1784241860|cdnserver|A|/.github/workflows/quality.yml/activity/3a3cacd-001.added
1784241860|cdnserver|M|/.github/workflows/activity/3a3cacd-002.dir1.added
1784241860|cdnserver|A|/_root/README_RU.md/activity/3a3cacd-003.modified
1784241860|cdnserver|A|/docs/architecture.md/activity/3a3cacd-004.added
1784241860|cdnserver|A|/gitbook/SUMMARY.md/activity/3a3cacd-005.modified
1784241860|cdnserver|A|/gitbook/changelog/2026-07-16.md/activity/3a3cacd-006.added
1784241860|cdnserver|M|/gitbook/changelog/activity/3a3cacd-007.dir1.added
1784241860|cdnserver|A|/gitbook/changelog/2026-07-17.md/activity/3a3cacd-008.added
1784241860|cdnserver|M|/gitbook/changelog/activity/3a3cacd-009.dir1.added
1784241860|cdnserver|A|/gitbook/changelog/README.md/activity/3a3cacd-010.modified
1784241860|cdnserver|M|/gitbook/changelog/activity/3a3cacd-011.dir1.modified
1784241860|cdnserver|A|/gitbook/consensus/chair.md/activity/3a3cacd-012.modified
1784241860|cdnserver|M|/gitbook/consensus/activity/3a3cacd-013.dir1.modified
1784241860|cdnserver|A|/gitbook/consensus/decision-rules.md/activity/3a3cacd-014.modified
1784241860|cdnserver|M|/gitbook/consensus/activity/3a3cacd-015.dir1.modified
1784241860|cdnserver|A|/gitbook/consensus/participant.md/activity/3a3cacd-016.modified
1784241860|cdnserver|M|/gitbook/consensus/activity/3a3cacd-017.dir1.modified
1784241860|cdnserver|A|/gitbook/responsible/tvrs-care.md/activity/3a3cacd-018.modified
1784241860|cdnserver|M|/gitbook/responsible/activity/3a3cacd-019.dir1.modified
1784241860|cdnserver|A|/gitbook/troubleshooting.md/activity/3a3cacd-020.modified
1784241860|cdnserver|A|/_root/main.py/activity/3a3cacd-021.modified
1784241860|cdnserver|A|/modules/consensus_core.py/activity/3a3cacd-022.modified
1784241860|cdnserver|A|/modules/consensus_repository.py/activity/3a3cacd-023.added
1784241860|cdnserver|A|/modules/consensus_runtime.py/activity/3a3cacd-024.added
1784241860|cdnserver|A|/modules/consensus_service.py/activity/3a3cacd-025.added
1784241860|cdnserver|A|/modules/control_center.py/activity/3a3cacd-026.modified
1784241860|cdnserver|A|/modules/control_center_config.py/activity/3a3cacd-027.added
1784241860|cdnserver|A|/modules/control_center_runtime.py/activity/3a3cacd-028.added
1784241860|cdnserver|A|/modules/craft.py/activity/3a3cacd-029.modified
1784241860|cdnserver|A|/modules/craft_runtime.py/activity/3a3cacd-030.added
1784241860|cdnserver|A|/modules/delivery_outbox.py/activity/3a3cacd-031.added
1784241860|cdnserver|A|/modules/delivery_runtime.py/activity/3a3cacd-032.added
1784241860|cdnserver|A|/modules/finance.py/activity/3a3cacd-033.modified
1784241860|cdnserver|A|/modules/finance_config.py/activity/3a3cacd-034.added
1784241860|cdnserver|A|/modules/finance_formatting.py/activity/3a3cacd-035.added
1784241860|cdnserver|A|/modules/finance_runtime.py/activity/3a3cacd-036.added
1784241860|cdnserver|A|/modules/hub_runtime.py/activity/3a3cacd-037.added
1784241860|cdnserver|A|/modules/market.py/activity/3a3cacd-038.modified
1784241860|cdnserver|A|/modules/market_config.py/activity/3a3cacd-039.added
1784241860|cdnserver|A|/modules/market_domain.py/activity/3a3cacd-040.added
1784241860|cdnserver|A|/modules/operations.py/activity/3a3cacd-041.modified
1784241860|cdnserver|A|/modules/operations_runtime.py/activity/3a3cacd-042.added
1784241860|cdnserver|A|/modules/public_panel_runtime.py/activity/3a3cacd-043.added
1784241860|cdnserver|A|/modules/technical_log.py/activity/3a3cacd-044.added
1784241860|cdnserver|A|/modules/tvrs.py/activity/3a3cacd-045.modified
1784241860|cdnserver|A|/modules/tvrs_config.py/activity/3a3cacd-046.added
1784241860|cdnserver|A|/modules/tvrs_delivery.py/activity/3a3cacd-047.added
1784241860|cdnserver|A|/modules/tvrs_embeds.py/activity/3a3cacd-048.added
1784241860|cdnserver|A|/modules/tvrs_formatting.py/activity/3a3cacd-049.added
1784241860|cdnserver|A|/modules/tvrs_navigation_runtime.py/activity/3a3cacd-050.added
1784241860|cdnserver|A|/_root/storage.py/activity/3a3cacd-051.modified
1784241860|cdnserver|A|/tests/test_consensus_service.py/activity/3a3cacd-052.added
1784241860|cdnserver|A|/tests/test_delivery_outbox.py/activity/3a3cacd-053.added
1784241860|cdnserver|A|/tests/test_tvrs_architecture.py/activity/3a3cacd-054.added
1784289475|cdnserver|A|/.github/workflows/quality.yml/activity/e8389e3-001.modified
1784289475|cdnserver|M|/.github/workflows/activity/e8389e3-002.dir1.modified
1784289475|cdnserver|A|/docs/architecture.md/activity/e8389e3-003.modified
1784289475|cdnserver|A|/gitbook/changelog/2026-07-17.md/activity/e8389e3-004.modified
1784289475|cdnserver|M|/gitbook/changelog/activity/e8389e3-005.dir1.modified
1784289475|cdnserver|A|/modules/consensus_repository.py/activity/e8389e3-006.modified
1784289475|cdnserver|A|/modules/control_center.py/activity/e8389e3-007.modified
1784289475|cdnserver|A|/modules/craft.py/activity/e8389e3-008.modified
1784289475|cdnserver|A|/modules/delivery_outbox.py/activity/e8389e3-009.modified
1784289475|cdnserver|A|/modules/delivery_runtime.py/activity/e8389e3-010.modified
1784289475|cdnserver|A|/modules/finance.py/activity/e8389e3-011.modified
1784289475|cdnserver|A|/modules/market.py/activity/e8389e3-012.modified
1784289475|cdnserver|A|/modules/operations.py/activity/e8389e3-013.modified
1784289475|cdnserver|A|/modules/sgbureau.py/activity/e8389e3-014.modified
1784289475|cdnserver|A|/modules/sgcontract.py/activity/e8389e3-015.modified
1784289475|cdnserver|A|/modules/sglaudio.py/activity/e8389e3-016.modified
1784289475|cdnserver|A|/modules/tvrs.py/activity/e8389e3-017.modified
1784289475|cdnserver|A|/modules/tvrs_consensus_views.py/activity/e8389e3-018.added
1784289475|cdnserver|A|/modules/tvrs_control.py/activity/e8389e3-019.added
1784289475|cdnserver|A|/modules/tvrs_decision.py/activity/e8389e3-020.added
1784289475|cdnserver|A|/modules/tvrs_delivery.py/activity/e8389e3-021.modified
1784289475|cdnserver|A|/modules/tvrs_discussion.py/activity/e8389e3-022.added
1784289475|cdnserver|A|/modules/tvrs_hub_views.py/activity/e8389e3-023.added
1784289475|cdnserver|A|/modules/tvrs_presentation.py/activity/e8389e3-024.added
1784289475|cdnserver|A|/modules/tvrs_recovery.py/activity/e8389e3-025.added
1784289475|cdnserver|A|/modules/tvrs_setup.py/activity/e8389e3-026.added
1784289475|cdnserver|A|/persistence/__init__.py/activity/e8389e3-027.added
1784289475|cdnserver|A|/persistence/activity_repository.py/activity/e8389e3-028.added
1784289475|cdnserver|A|/persistence/admin_repository.py/activity/e8389e3-029.added
1784289475|cdnserver|A|/persistence/audit_repository.py/activity/e8389e3-030.added
1784289475|cdnserver|A|/persistence/bureau_context.py/activity/e8389e3-031.added
1784289475|cdnserver|A|/persistence/core.py/activity/e8389e3-032.added
1784289475|cdnserver|A|/persistence/craft_repository.py/activity/e8389e3-033.added
1784289475|cdnserver|A|/persistence/finance_context.py/activity/e8389e3-034.added
1784289475|cdnserver|A|/persistence/finance_repository.py/activity/e8389e3-035.added
1784289475|cdnserver|A|/persistence/market_repository.py/activity/e8389e3-036.added
1784289475|cdnserver|A|/persistence/operations_context.py/activity/e8389e3-037.added
1784289475|cdnserver|A|/persistence/outbox_repository.py/activity/e8389e3-038.added
1784289475|cdnserver|A|/persistence/schema.py/activity/e8389e3-039.added
1784289475|cdnserver|A|/persistence/sgl_repository.py/activity/e8389e3-040.added
1784289475|cdnserver|A|/persistence/tvrs_repository.py/activity/e8389e3-041.added
1784289475|cdnserver|A|/_root/storage.py/activity/e8389e3-042.modified
1784289475|cdnserver|A|/tests/test_consensus_service.py/activity/e8389e3-043.modified
1784289475|cdnserver|A|/tests/test_module_boundaries.py/activity/e8389e3-044.added
1784292367|cdnserver|A|/_root/.env.example/activity/0f0157f-001.modified
1784292367|cdnserver|A|/_root/.env.persistent.example/activity/0f0157f-002.modified
1784292367|cdnserver|A|/_root/README_RU.md/activity/0f0157f-003.modified
1784292367|cdnserver|A|/docs/architecture.md/activity/0f0157f-004.modified
1784292367|cdnserver|A|/gitbook/changelog/2026-07-17.md/activity/0f0157f-005.modified
1784292367|cdnserver|M|/gitbook/changelog/activity/0f0157f-006.dir1.modified
1784292367|cdnserver|A|/gitbook/help/faq.md/activity/0f0157f-007.modified
1784292367|cdnserver|M|/gitbook/help/activity/0f0157f-008.dir1.modified
1784292367|cdnserver|A|/gitbook/sgl/case-lifecycle.md/activity/0f0157f-009.modified
1784292367|cdnserver|M|/gitbook/sgl/activity/0f0157f-010.dir1.modified
1784292367|cdnserver|A|/gitbook/start/commands.md/activity/0f0157f-011.modified
1784292367|cdnserver|M|/gitbook/start/activity/0f0157f-012.dir1.modified
1784292367|cdnserver|A|/_root/main.py/activity/0f0157f-013.modified
1784292367|cdnserver|A|/modules/sgbureau.py/activity/0f0157f-014.modified
1784292367|cdnserver|A|/modules/sgl_archive.py/activity/0f0157f-015.added
1784292367|cdnserver|A|/modules/sgl_archive_restore.py/activity/0f0157f-016.added
1784292367|cdnserver|A|/persistence/bureau_context.py/activity/0f0157f-017.modified
1784292367|cdnserver|A|/persistence/core.py/activity/0f0157f-018.modified
1784292367|cdnserver|A|/persistence/schema.py/activity/0f0157f-019.modified
1784292367|cdnserver|A|/persistence/sgl_archive_repository.py/activity/0f0157f-020.added
1784292367|cdnserver|A|/_root/storage.py/activity/0f0157f-021.modified
1784292367|cdnserver|A|/tests/test_module_boundaries.py/activity/0f0157f-022.modified
1784292367|cdnserver|A|/tests/test_sgl_archive.py/activity/0f0157f-023.added
1784292907|cdnserver|A|/gitbook/changelog/2026-07-17.md/activity/3862d0d-001.modified
1784292907|cdnserver|M|/gitbook/changelog/activity/3862d0d-002.dir1.modified
1784292907|cdnserver|A|/modules/sgl_archive.py/activity/3862d0d-003.modified
1784292907|cdnserver|A|/tests/test_sgl_archive.py/activity/3862d0d-004.modified
1784294334|cdnserver|A|/_root/README_RU.md/activity/648b834-001.modified
1784294334|cdnserver|A|/docs/architecture.md/activity/648b834-002.modified
1784294334|cdnserver|A|/gitbook/SUMMARY.md/activity/648b834-003.modified
1784294334|cdnserver|A|/gitbook/changelog/2026-07-17.md/activity/648b834-004.modified
1784294334|cdnserver|M|/gitbook/changelog/activity/648b834-005.dir1.modified
1784294334|cdnserver|A|/gitbook/start/commands.md/activity/648b834-006.modified
1784294334|cdnserver|M|/gitbook/start/activity/648b834-007.dir1.modified
1784294334|cdnserver|A|/gitbook/tools/member-profile.md/activity/648b834-008.added
1784294334|cdnserver|M|/gitbook/tools/activity/648b834-009.dir1.added
1784294334|cdnserver|A|/_root/main.py/activity/648b834-010.modified
1784294334|cdnserver|A|/modules/profile.py/activity/648b834-011.added
1784294334|cdnserver|A|/persistence/core.py/activity/648b834-012.modified
1784294334|cdnserver|A|/persistence/profile_context.py/activity/648b834-013.added
1784294334|cdnserver|A|/persistence/profile_repository.py/activity/648b834-014.added
1784294334|cdnserver|A|/persistence/schema.py/activity/648b834-015.modified
1784294334|cdnserver|A|/_root/storage.py/activity/648b834-016.modified
1784294334|cdnserver|A|/tests/test_profile.py/activity/648b834-017.added
1784314470|cdnserver|A|/_root/README_RU.md/activity/ae1ae46-001.modified
1784314470|cdnserver|A|/gitbook/changelog/2026-07-17.md/activity/ae1ae46-002.modified
1784314470|cdnserver|M|/gitbook/changelog/activity/ae1ae46-003.dir1.modified
1784314470|cdnserver|A|/gitbook/tools/member-profile.md/activity/ae1ae46-004.modified
1784314470|cdnserver|M|/gitbook/tools/activity/ae1ae46-005.dir1.modified
1784314470|cdnserver|A|/modules/profile.py/activity/ae1ae46-006.modified
1784314470|cdnserver|A|/tests/test_profile.py/activity/ae1ae46-007.modified
1784321298|cdnserver|A|/_root/README_RU.md/activity/49a62d2-001.modified
1784321298|cdnserver|A|/gitbook/SUMMARY.md/activity/49a62d2-002.modified
1784321298|cdnserver|A|/gitbook/changelog/2026-07-18.md/activity/49a62d2-003.added
1784321298|cdnserver|M|/gitbook/changelog/activity/49a62d2-004.dir1.added
1784321298|cdnserver|A|/gitbook/tools/member-profile.md/activity/49a62d2-005.modified
1784321298|cdnserver|M|/gitbook/tools/activity/49a62d2-006.dir1.modified
1784321298|cdnserver|A|/modules/profile.py/activity/49a62d2-007.modified
1784321298|cdnserver|A|/persistence/core.py/activity/49a62d2-008.modified
1784321298|cdnserver|A|/persistence/profile_repository.py/activity/49a62d2-009.modified
1784321298|cdnserver|A|/persistence/schema.py/activity/49a62d2-010.modified
1784321298|cdnserver|A|/tests/test_profile.py/activity/49a62d2-011.modified
1784324367|cdnserver|A|/_root/.env.example/activity/b5536e5-001.modified
1784324367|cdnserver|A|/_root/README_RU.md/activity/b5536e5-002.modified
1784324367|cdnserver|A|/gitbook/changelog/2026-07-18.md/activity/b5536e5-003.modified
1784324367|cdnserver|M|/gitbook/changelog/activity/b5536e5-004.dir1.modified
1784324367|cdnserver|A|/gitbook/privacy.md/activity/b5536e5-005.modified
1784324367|cdnserver|A|/gitbook/tools/member-profile.md/activity/b5536e5-006.modified
1784324367|cdnserver|M|/gitbook/tools/activity/b5536e5-007.dir1.modified
1784324367|cdnserver|A|/modules/delivery_outbox.py/activity/b5536e5-008.modified
1784324367|cdnserver|A|/modules/finance.py/activity/b5536e5-009.modified
1784324367|cdnserver|A|/modules/market.py/activity/b5536e5-010.modified
1784324367|cdnserver|A|/modules/profile.py/activity/b5536e5-011.modified
1784324367|cdnserver|A|/modules/profile_notifications.py/activity/b5536e5-012.added
1784324367|cdnserver|A|/modules/tvrs_delivery.py/activity/b5536e5-013.modified
1784324367|cdnserver|A|/persistence/core.py/activity/b5536e5-014.modified
1784324367|cdnserver|A|/persistence/finance_repository.py/activity/b5536e5-015.modified
1784324367|cdnserver|A|/persistence/market_repository.py/activity/b5536e5-016.modified
1784324367|cdnserver|A|/persistence/outbox_repository.py/activity/b5536e5-017.modified
1784324367|cdnserver|A|/persistence/profile_repository.py/activity/b5536e5-018.modified
1784324367|cdnserver|A|/persistence/schema.py/activity/b5536e5-019.modified
1784324367|cdnserver|A|/tests/test_delivery_outbox.py/activity/b5536e5-020.modified
1784324367|cdnserver|A|/tests/test_finance_storage.py/activity/b5536e5-021.modified
1784324367|cdnserver|A|/tests/test_market.py/activity/b5536e5-022.modified
1784324367|cdnserver|A|/tests/test_profile.py/activity/b5536e5-023.modified
1784403638|cdnserver|A|/_root/README_RU.md/activity/6718afe-001.modified
1784403638|cdnserver|A|/gitbook/SUMMARY.md/activity/6718afe-002.modified
1784403638|cdnserver|A|/gitbook/changelog/2026-07-18.md/activity/6718afe-003.modified
1784403638|cdnserver|M|/gitbook/changelog/activity/6718afe-004.dir1.modified
1784403638|cdnserver|A|/gitbook/consensus.md/activity/6718afe-005.modified
1784403638|cdnserver|A|/gitbook/consensus/simulator.md/activity/6718afe-006.added
1784403638|cdnserver|M|/gitbook/consensus/activity/6718afe-007.dir1.added
1784403638|cdnserver|A|/gitbook/privacy.md/activity/6718afe-008.modified
1784403638|cdnserver|A|/gitbook/tools/member-profile.md/activity/6718afe-009.modified
1784403638|cdnserver|M|/gitbook/tools/activity/6718afe-010.dir1.modified
1784403638|cdnserver|A|/gitbook/tvrs/operations-center.md/activity/6718afe-011.modified
1784403638|cdnserver|M|/gitbook/tvrs/activity/6718afe-012.dir1.modified
1784403638|cdnserver|A|/modules/consensus_simulator.py/activity/6718afe-013.added
1784403638|cdnserver|A|/modules/control_center.py/activity/6718afe-014.modified
1784403638|cdnserver|A|/modules/profile.py/activity/6718afe-015.modified
1784403638|cdnserver|A|/persistence/core.py/activity/6718afe-016.modified
1784403638|cdnserver|A|/persistence/profile_repository.py/activity/6718afe-017.modified
1784403638|cdnserver|A|/persistence/schema.py/activity/6718afe-018.modified
1784403638|cdnserver|A|/tests/test_consensus_simulator.py/activity/6718afe-019.added
1784403638|cdnserver|A|/tests/test_operations_ui.py/activity/6718afe-020.modified
1784403638|cdnserver|A|/tests/test_profile.py/activity/6718afe-021.modified
1784411027|cdnserver|A|/_root/.env.example/activity/7430110-001.modified
1784411027|cdnserver|A|/_root/.env.persistent.example/activity/7430110-002.modified
1784411027|cdnserver|A|/_root/Dockerfile/activity/7430110-003.modified
1784411027|cdnserver|A|/_root/README_RU.md/activity/7430110-004.modified
1784411027|cdnserver|A|/docs/architecture.md/activity/7430110-005.modified
1784411027|cdnserver|A|/docs/tvrs.md/activity/7430110-006.modified
1784411027|cdnserver|A|/gitbook/SUMMARY.md/activity/7430110-007.modified
1784411027|cdnserver|A|/gitbook/changelog/2026-07-19.md/activity/7430110-008.added
1784411027|cdnserver|M|/gitbook/changelog/activity/7430110-009.dir1.added
1784411027|cdnserver|A|/gitbook/changelog/README.md/activity/7430110-010.modified
1784411027|cdnserver|M|/gitbook/changelog/activity/7430110-011.dir1.modified
1784411027|cdnserver|A|/gitbook/consensus/README.md/activity/7430110-012.modified
1784411027|cdnserver|M|/gitbook/consensus/activity/7430110-013.dir1.modified
1784411027|cdnserver|A|/gitbook/consensus/chair.md/activity/7430110-014.modified
1784411027|cdnserver|M|/gitbook/consensus/activity/7430110-015.dir1.modified
1784411027|cdnserver|A|/gitbook/consensus/participant.md/activity/7430110-016.modified
1784411027|cdnserver|M|/gitbook/consensus/activity/7430110-017.dir1.modified
1784411027|cdnserver|A|/gitbook/consensus/simulator.md/activity/7430110-018.modified
1784411027|cdnserver|M|/gitbook/consensus/activity/7430110-019.dir1.modified
1784411027|cdnserver|A|/gitbook/consensus/v3.md/activity/7430110-020.added
1784411027|cdnserver|M|/gitbook/consensus/activity/7430110-021.dir1.added
1784411027|cdnserver|A|/gitbook/help/faq.md/activity/7430110-022.modified
1784411027|cdnserver|M|/gitbook/help/activity/7430110-023.dir1.modified
1784411027|cdnserver|A|/gitbook/responsible/tvrs-care.md/activity/7430110-024.modified
1784411027|cdnserver|M|/gitbook/responsible/activity/7430110-025.dir1.modified
1784411027|cdnserver|A|/gitbook/start/commands.md/activity/7430110-026.modified
1784411027|cdnserver|M|/gitbook/start/activity/7430110-027.dir1.modified
1784411027|cdnserver|A|/gitbook/tools/music.md/activity/7430110-028.added
1784411027|cdnserver|M|/gitbook/tools/activity/7430110-029.dir1.added
1784411027|cdnserver|A|/gitbook/troubleshooting.md/activity/7430110-030.modified
1784411027|cdnserver|A|/gitbook/tvrs/universality.md/activity/7430110-031.modified
1784411027|cdnserver|M|/gitbook/tvrs/activity/7430110-032.dir1.modified
1784411027|cdnserver|A|/_root/main.py/activity/7430110-033.modified
1784411027|cdnserver|A|/modules/consensus_core.py/activity/7430110-034.modified
1784411027|cdnserver|A|/modules/consensus_runtime.py/activity/7430110-035.modified
1784411027|cdnserver|A|/modules/consensus_simulator.py/activity/7430110-036.modified
1784411027|cdnserver|A|/modules/consensus_v3.py/activity/7430110-037.added
1784411027|cdnserver|A|/modules/music_audio.py/activity/7430110-038.added
1784411027|cdnserver|A|/modules/music_config.py/activity/7430110-039.added
1784411027|cdnserver|A|/modules/music_domain.py/activity/7430110-040.added
1784411027|cdnserver|A|/modules/music_providers.py/activity/7430110-041.added
1784411027|cdnserver|A|/modules/music_runtime.py/activity/7430110-042.added
1784411027|cdnserver|A|/modules/music_setup.py/activity/7430110-043.added
1784411027|cdnserver|A|/modules/music_views.py/activity/7430110-044.added
1784411027|cdnserver|A|/modules/tvrs.py/activity/7430110-045.modified
1784411027|cdnserver|A|/modules/tvrs_consensus_portal.py/activity/7430110-046.added
1784411027|cdnserver|A|/modules/tvrs_consensus_views.py/activity/7430110-047.modified
1784411027|cdnserver|A|/modules/tvrs_control.py/activity/7430110-048.modified
1784411027|cdnserver|A|/modules/tvrs_decision.py/activity/7430110-049.modified
1784411027|cdnserver|A|/modules/tvrs_delivery.py/activity/7430110-050.modified
1784411027|cdnserver|A|/modules/tvrs_discussion.py/activity/7430110-051.modified
1784411027|cdnserver|A|/modules/tvrs_hub_views.py/activity/7430110-052.modified
1784411027|cdnserver|A|/modules/tvrs_presentation.py/activity/7430110-053.modified
1784411027|cdnserver|A|/modules/tvrs_recovery.py/activity/7430110-054.modified
1784411027|cdnserver|A|/persistence/schema.py/activity/7430110-055.modified
1784411027|cdnserver|A|/persistence/tvrs_repository.py/activity/7430110-056.modified
1784411027|cdnserver|A|/_root/requirements.txt/activity/7430110-057.modified
1784411027|cdnserver|A|/_root/run_windows.bat/activity/7430110-058.modified
1784411027|cdnserver|A|/tests/test_consensus_service.py/activity/7430110-059.modified
1784411027|cdnserver|A|/tests/test_consensus_simulator.py/activity/7430110-060.modified
1784411027|cdnserver|A|/tests/test_consensus_v3.py/activity/7430110-061.added
1784411027|cdnserver|A|/tests/test_module_boundaries.py/activity/7430110-062.modified
1784411027|cdnserver|A|/tests/test_music.py/activity/7430110-063.added
1784411027|cdnserver|A|/tests/test_tvrs_architecture.py/activity/7430110-064.modified
1784412034|cdnserver|A|/docs/architecture.md/activity/24b9b06-001.modified
1784412034|cdnserver|A|/gitbook/tools/music.md/activity/24b9b06-002.modified
1784412034|cdnserver|M|/gitbook/tools/activity/24b9b06-003.dir1.modified
1784412034|cdnserver|A|/gitbook/troubleshooting.md/activity/24b9b06-004.modified
1784412034|cdnserver|A|/modules/music_audio.py/activity/24b9b06-005.modified
1784412034|cdnserver|A|/modules/music_runtime.py/activity/24b9b06-006.modified
1784412034|cdnserver|A|/modules/music_setup.py/activity/24b9b06-007.modified
1784412034|cdnserver|A|/modules/music_status.py/activity/24b9b06-008.added
1784412034|cdnserver|A|/tests/test_module_boundaries.py/activity/24b9b06-009.modified
1784412034|cdnserver|A|/tests/test_music.py/activity/24b9b06-010.modified
1784412766|cdnserver|A|/gitbook/tools/music.md/activity/8a4bc0d-001.modified
1784412766|cdnserver|M|/gitbook/tools/activity/8a4bc0d-002.dir1.modified
1784412766|cdnserver|A|/gitbook/troubleshooting.md/activity/8a4bc0d-003.modified
1784412766|cdnserver|A|/modules/music_audio.py/activity/8a4bc0d-004.modified
1784412766|cdnserver|A|/modules/music_setup.py/activity/8a4bc0d-005.modified
1784412766|cdnserver|A|/_root/requirements.txt/activity/8a4bc0d-006.modified
1784412766|cdnserver|A|/tests/test_music.py/activity/8a4bc0d-007.modified
1784413953|cdnserver|A|/_root/README_RU.md/activity/224bb67-001.modified
1784413953|cdnserver|A|/gitbook/changelog/2026-07-19.md/activity/224bb67-002.modified
1784413953|cdnserver|M|/gitbook/changelog/activity/224bb67-003.dir1.modified
1784413953|cdnserver|A|/gitbook/help/faq.md/activity/224bb67-004.modified
1784413953|cdnserver|M|/gitbook/help/activity/224bb67-005.dir1.modified
1784413953|cdnserver|A|/gitbook/start/commands.md/activity/224bb67-006.modified
1784413953|cdnserver|M|/gitbook/start/activity/224bb67-007.dir1.modified
1784413953|cdnserver|A|/gitbook/tools/music.md/activity/224bb67-008.modified
1784413953|cdnserver|M|/gitbook/tools/activity/224bb67-009.dir1.modified
1784413953|cdnserver|A|/modules/music_audio.py/activity/224bb67-010.modified
1784413953|cdnserver|A|/modules/music_domain.py/activity/224bb67-011.modified
1784413953|cdnserver|A|/modules/music_runtime.py/activity/224bb67-012.modified
1784413953|cdnserver|A|/modules/music_views.py/activity/224bb67-013.modified
1784413953|cdnserver|A|/tests/test_music.py/activity/224bb67-014.modified
1784414643|cdnserver|A|/_root/README_RU.md/activity/4917a21-001.modified
1784414643|cdnserver|A|/gitbook/changelog/2026-07-19.md/activity/4917a21-002.modified
1784414643|cdnserver|M|/gitbook/changelog/activity/4917a21-003.dir1.modified
1784414643|cdnserver|A|/gitbook/help/faq.md/activity/4917a21-004.modified
1784414643|cdnserver|M|/gitbook/help/activity/4917a21-005.dir1.modified
1784414643|cdnserver|A|/gitbook/start/commands.md/activity/4917a21-006.modified
1784414643|cdnserver|M|/gitbook/start/activity/4917a21-007.dir1.modified
1784414643|cdnserver|A|/gitbook/tools/music.md/activity/4917a21-008.modified
1784414643|cdnserver|M|/gitbook/tools/activity/4917a21-009.dir1.modified
1784414643|cdnserver|A|/modules/music_audio.py/activity/4917a21-010.modified
1784414643|cdnserver|A|/modules/music_domain.py/activity/4917a21-011.modified
1784414643|cdnserver|A|/modules/music_runtime.py/activity/4917a21-012.modified
1784414643|cdnserver|A|/modules/music_views.py/activity/4917a21-013.modified
1784414643|cdnserver|A|/tests/test_music.py/activity/4917a21-014.modified
1784450704|cdnserver|A|/_root/.env.example/activity/91838ba-001.modified
1784450704|cdnserver|A|/_root/.env.persistent.example/activity/91838ba-002.modified
1784450704|cdnserver|A|/_root/README_RU.md/activity/91838ba-003.modified
1784450704|cdnserver|A|/gitbook/changelog/2026-07-19.md/activity/91838ba-004.modified
1784450704|cdnserver|M|/gitbook/changelog/activity/91838ba-005.dir1.modified
1784450704|cdnserver|A|/gitbook/tools/music.md/activity/91838ba-006.modified
1784450704|cdnserver|M|/gitbook/tools/activity/91838ba-007.dir1.modified
1784450704|cdnserver|A|/_root/merge_env_windows.ps1/activity/91838ba-008.modified
1784450704|cdnserver|A|/modules/control_center_config.py/activity/91838ba-009.modified
1784450704|cdnserver|A|/modules/music_audio.py/activity/91838ba-010.modified
1784450704|cdnserver|A|/modules/music_config.py/activity/91838ba-011.modified
1784450704|cdnserver|A|/modules/music_domain.py/activity/91838ba-012.modified
1784450704|cdnserver|A|/modules/music_providers.py/activity/91838ba-013.modified
1784450704|cdnserver|A|/modules/music_public_panel.py/activity/91838ba-014.added
1784450704|cdnserver|A|/modules/music_public_views.py/activity/91838ba-015.added
1784450704|cdnserver|A|/modules/music_runtime.py/activity/91838ba-016.modified
1784450704|cdnserver|A|/modules/music_setup.py/activity/91838ba-017.modified
1784450704|cdnserver|A|/modules/music_speech.py/activity/91838ba-018.added
1784450704|cdnserver|A|/modules/music_stt_audio.py/activity/91838ba-019.added
1784450704|cdnserver|A|/tests/test_module_boundaries.py/activity/91838ba-020.modified
1784450704|cdnserver|A|/tests/test_music.py/activity/91838ba-021.modified
1784450704|cdnserver|A|/tests/test_operations_ui.py/activity/91838ba-022.modified
1784488657|cdnserver|A|/_root/.env.example/activity/e798fdb-001.modified
1784488657|cdnserver|A|/_root/.env.persistent.example/activity/e798fdb-002.modified
1784488657|cdnserver|A|/_root/README_RU.md/activity/e798fdb-003.modified
1784488657|cdnserver|A|/gitbook/changelog/2026-07-19.md/activity/e798fdb-004.modified
1784488657|cdnserver|M|/gitbook/changelog/activity/e798fdb-005.dir1.modified
1784488657|cdnserver|A|/gitbook/tools/music.md/activity/e798fdb-006.modified
1784488657|cdnserver|M|/gitbook/tools/activity/e798fdb-007.dir1.modified
1784488657|cdnserver|A|/_root/merge_env_windows.ps1/activity/e798fdb-008.modified
1784488657|cdnserver|A|/modules/music_audio.py/activity/e798fdb-009.modified
1784488657|cdnserver|A|/modules/music_config.py/activity/e798fdb-010.modified
1784488657|cdnserver|A|/modules/music_progress.py/activity/e798fdb-011.added
1784488657|cdnserver|A|/modules/music_providers.py/activity/e798fdb-012.modified
1784488657|cdnserver|A|/modules/music_public_views.py/activity/e798fdb-013.modified
1784488657|cdnserver|A|/modules/music_runtime.py/activity/e798fdb-014.modified
1784488657|cdnserver|A|/modules/music_speech.py/activity/e798fdb-015.modified
1784488657|cdnserver|A|/modules/music_stt_audio.py/activity/e798fdb-016.modified
1784488657|cdnserver|A|/modules/music_stt_orchestrator.py/activity/e798fdb-017.added
1784488657|cdnserver|A|/modules/music_views.py/activity/e798fdb-018.modified
1784488657|cdnserver|A|/tests/test_module_boundaries.py/activity/e798fdb-019.modified
1784488657|cdnserver|A|/tests/test_music.py/activity/e798fdb-020.modified
1784495470|cdnserver|A|/_root/.env.example/activity/90a80e3-001.modified
1784495470|cdnserver|A|/_root/.env.persistent.example/activity/90a80e3-002.modified
1784495470|cdnserver|A|/_root/README_RU.md/activity/90a80e3-003.modified
1784495470|cdnserver|A|/gitbook/SUMMARY.md/activity/90a80e3-004.modified
1784495470|cdnserver|A|/gitbook/changelog/2026-07-20.md/activity/90a80e3-005.added
1784495470|cdnserver|M|/gitbook/changelog/activity/90a80e3-006.dir1.added
1784495470|cdnserver|A|/gitbook/changelog/README.md/activity/90a80e3-007.modified
1784495470|cdnserver|M|/gitbook/changelog/activity/90a80e3-008.dir1.modified
1784495470|cdnserver|A|/gitbook/consensus/participant.md/activity/90a80e3-009.modified
1784495470|cdnserver|M|/gitbook/consensus/activity/90a80e3-010.dir1.modified
1784495470|cdnserver|A|/gitbook/privacy.md/activity/90a80e3-011.modified
1784495470|cdnserver|A|/gitbook/tools/member-profile.md/activity/90a80e3-012.modified
1784495470|cdnserver|M|/gitbook/tools/activity/90a80e3-013.dir1.modified
1784495470|cdnserver|A|/gitbook/tools/music.md/activity/90a80e3-014.modified
1784495470|cdnserver|M|/gitbook/tools/activity/90a80e3-015.dir1.modified
1784495470|cdnserver|A|/gitbook/version.md/activity/90a80e3-016.modified
1784495470|cdnserver|A|/modules/delivery_outbox.py/activity/90a80e3-017.modified
1784495470|cdnserver|A|/modules/music_domain.py/activity/90a80e3-018.modified
1784495470|cdnserver|A|/modules/music_runtime.py/activity/90a80e3-019.modified
1784495470|cdnserver|A|/modules/music_runtime_errors.py/activity/90a80e3-020.added
1784495470|cdnserver|A|/modules/music_setup.py/activity/90a80e3-021.modified
1784495470|cdnserver|A|/modules/music_speech.py/activity/90a80e3-022.modified
1784495470|cdnserver|A|/modules/music_stt_audio.py/activity/90a80e3-023.modified
1784495470|cdnserver|A|/modules/music_stt_orchestrator.py/activity/90a80e3-024.modified
1784495470|cdnserver|A|/modules/music_voice_diagnostics.py/activity/90a80e3-025.added
1784495470|cdnserver|A|/modules/music_voice_setup.py/activity/90a80e3-026.added
1784495470|cdnserver|A|/modules/profile.py/activity/90a80e3-027.modified
1784495470|cdnserver|A|/modules/profile_voice.py/activity/90a80e3-028.added
1784495470|cdnserver|A|/modules/tvrs_control.py/activity/90a80e3-029.modified
1784495470|cdnserver|A|/modules/tvrs_delivery.py/activity/90a80e3-030.modified
1784495470|cdnserver|A|/modules/voice_control_audio.py/activity/90a80e3-031.added
1784495470|cdnserver|A|/modules/voice_control_config.py/activity/90a80e3-032.added
1784495470|cdnserver|A|/modules/voice_control_domain.py/activity/90a80e3-033.added
1784495470|cdnserver|A|/modules/voice_control_local.py/activity/90a80e3-034.added
1784495470|cdnserver|A|/modules/voice_control_service.py/activity/90a80e3-035.added
1784495470|cdnserver|A|/persistence/outbox_repository.py/activity/90a80e3-036.modified
1784495470|cdnserver|A|/persistence/schema.py/activity/90a80e3-037.modified
1784495470|cdnserver|A|/persistence/tvrs_repository.py/activity/90a80e3-038.modified
1784495470|cdnserver|A|/persistence/voice_control_context.py/activity/90a80e3-039.added
1784495470|cdnserver|A|/persistence/voice_control_repository.py/activity/90a80e3-040.added
1784495470|cdnserver|A|/_root/requirements.txt/activity/90a80e3-041.modified
1784495470|cdnserver|A|/_root/storage.py/activity/90a80e3-042.modified
1784495470|cdnserver|A|/tests/test_delivery_outbox.py/activity/90a80e3-043.modified
1784495470|cdnserver|A|/tests/test_module_boundaries.py/activity/90a80e3-044.modified
1784495470|cdnserver|A|/tests/test_music.py/activity/90a80e3-045.modified
1784495470|cdnserver|A|/tests/test_profile.py/activity/90a80e3-046.modified
1784495470|cdnserver|A|/tests/test_tvrs_architecture.py/activity/90a80e3-047.modified
1784495470|cdnserver|A|/tests/test_voice_control.py/activity/90a80e3-048.added
1784497719|cdnserver|A|/gitbook/changelog/2026-07-20.md/activity/3304c9b-001.modified
1784497719|cdnserver|M|/gitbook/changelog/activity/3304c9b-002.dir1.modified
1784497719|cdnserver|A|/gitbook/consensus/participant.md/activity/3304c9b-003.modified
1784497719|cdnserver|M|/gitbook/consensus/activity/3304c9b-004.dir1.modified
1784497719|cdnserver|A|/modules/consensus_core.py/activity/3304c9b-005.modified
1784497719|cdnserver|A|/modules/delivery_outbox.py/activity/3304c9b-006.modified
1784497719|cdnserver|A|/modules/links.py/activity/3304c9b-007.modified
1784497719|cdnserver|A|/modules/music_stt_audio.py/activity/3304c9b-008.modified
1784497719|cdnserver|A|/modules/operations.py/activity/3304c9b-009.modified
1784497719|cdnserver|A|/modules/sgcontract.py/activity/3304c9b-010.modified
1784497719|cdnserver|A|/modules/tvrs_control.py/activity/3304c9b-011.modified
1784497719|cdnserver|A|/modules/tvrs_delivery.py/activity/3304c9b-012.modified
1784497719|cdnserver|A|/modules/tvrs_discussion.py/activity/3304c9b-013.modified
1784497719|cdnserver|A|/modules/tvrs_presentation.py/activity/3304c9b-014.modified
1784497719|cdnserver|A|/modules/tvrs_recovery.py/activity/3304c9b-015.modified
1784497719|cdnserver|A|/persistence/outbox_repository.py/activity/3304c9b-016.modified
1784497719|cdnserver|A|/persistence/schema.py/activity/3304c9b-017.modified
1784497719|cdnserver|A|/persistence/tvrs_repository.py/activity/3304c9b-018.modified
1784497719|cdnserver|A|/tests/test_consensus_service.py/activity/3304c9b-019.modified
1784497719|cdnserver|A|/tests/test_craft_storage.py/activity/3304c9b-020.modified
1784497719|cdnserver|A|/tests/test_delivery_outbox.py/activity/3304c9b-021.modified
1784497719|cdnserver|A|/tests/test_tvrs_architecture.py/activity/3304c9b-022.modified
1784497719|cdnserver|A|/tests/test_voice_control.py/activity/3304c9b-023.modified
1784662614|cdnserver|A|/modules/async_safety.py/activity/ae62f3d-001.added
1784662614|cdnserver|A|/modules/consensus_service.py/activity/ae62f3d-002.modified
1784662614|cdnserver|A|/modules/delivery_outbox.py/activity/ae62f3d-003.modified
1784662614|cdnserver|A|/modules/delivery_runtime.py/activity/ae62f3d-004.modified
1784662614|cdnserver|A|/modules/discord_delivery.py/activity/ae62f3d-005.added
1784662614|cdnserver|A|/modules/tvrs_consensus_portal.py/activity/ae62f3d-006.modified
1784662614|cdnserver|A|/modules/tvrs_consensus_views.py/activity/ae62f3d-007.modified
1784662614|cdnserver|A|/modules/tvrs_control.py/activity/ae62f3d-008.modified
1784662614|cdnserver|A|/modules/tvrs_control_cleanup.py/activity/ae62f3d-009.added
1784662614|cdnserver|A|/modules/tvrs_decision.py/activity/ae62f3d-010.modified
1784662614|cdnserver|A|/modules/tvrs_delivery.py/activity/ae62f3d-011.modified
1784662614|cdnserver|A|/modules/tvrs_discussion.py/activity/ae62f3d-012.modified
1784662614|cdnserver|A|/modules/tvrs_hub_views.py/activity/ae62f3d-013.modified
1784662614|cdnserver|A|/modules/tvrs_recovery.py/activity/ae62f3d-014.modified
1784662614|cdnserver|A|/modules/tvrs_registration_gate.py/activity/ae62f3d-015.added
1784662614|cdnserver|A|/modules/tvrs_setup.py/activity/ae62f3d-016.modified
1784662614|cdnserver|A|/persistence/outbox_repository.py/activity/ae62f3d-017.modified
1784662614|cdnserver|A|/tests/test_async_safety.py/activity/ae62f3d-018.added
1784662614|cdnserver|A|/tests/test_consensus_delivery_recovery.py/activity/ae62f3d-019.added
1784662614|cdnserver|A|/tests/test_consensus_faults.py/activity/ae62f3d-020.added
1784662614|cdnserver|A|/tests/test_consensus_service.py/activity/ae62f3d-021.modified
1784662614|cdnserver|A|/tests/test_consensus_timer_faults.py/activity/ae62f3d-022.added
1784662614|cdnserver|A|/tests/test_consensus_v3.py/activity/ae62f3d-023.modified
1784662614|cdnserver|A|/tests/test_delivery_outbox.py/activity/ae62f3d-024.modified
1784662614|cdnserver|A|/tests/test_tvrs_architecture.py/activity/ae62f3d-025.modified
1784664871|cdnserver|A|/docs/architecture.md/activity/2ed9f47-001.modified
1784664871|cdnserver|A|/gitbook/SUMMARY.md/activity/2ed9f47-002.modified
1784664871|cdnserver|A|/gitbook/changelog/2026-07-21.md/activity/2ed9f47-003.added
1784664871|cdnserver|M|/gitbook/changelog/activity/2ed9f47-004.dir1.added
1784664871|cdnserver|A|/gitbook/changelog/README.md/activity/2ed9f47-005.modified
1784664871|cdnserver|M|/gitbook/changelog/activity/2ed9f47-006.dir1.modified
1784664871|cdnserver|A|/gitbook/consensus/chair.md/activity/2ed9f47-007.modified
1784664871|cdnserver|M|/gitbook/consensus/activity/2ed9f47-008.dir1.modified
1784664871|cdnserver|A|/gitbook/responsible/tvrs-care.md/activity/2ed9f47-009.modified
1784664871|cdnserver|M|/gitbook/responsible/activity/2ed9f47-010.dir1.modified
1784664871|cdnserver|A|/gitbook/troubleshooting.md/activity/2ed9f47-011.modified
1784664871|cdnserver|A|/modules/consensus_core.py/activity/2ed9f47-012.modified
1784664871|cdnserver|A|/modules/consensus_finalization_recovery.py/activity/2ed9f47-013.added
1784664871|cdnserver|A|/modules/consensus_health.py/activity/2ed9f47-014.added
1784664871|cdnserver|A|/modules/consensus_repository.py/activity/2ed9f47-015.modified
1784664871|cdnserver|A|/modules/consensus_service.py/activity/2ed9f47-016.modified
1784664871|cdnserver|A|/modules/consensus_simulator.py/activity/2ed9f47-017.modified
1784664871|cdnserver|A|/modules/tvrs_consensus_admin.py/activity/2ed9f47-018.added
1784664871|cdnserver|A|/modules/tvrs_control.py/activity/2ed9f47-019.modified
1784664871|cdnserver|A|/modules/tvrs_decision.py/activity/2ed9f47-020.modified
1784664871|cdnserver|A|/modules/tvrs_delivery.py/activity/2ed9f47-021.modified
1784664871|cdnserver|A|/modules/tvrs_embeds.py/activity/2ed9f47-022.modified
1784664871|cdnserver|A|/modules/tvrs_hub_views.py/activity/2ed9f47-023.modified
1784664871|cdnserver|A|/modules/tvrs_presentation.py/activity/2ed9f47-024.modified
1784664871|cdnserver|A|/modules/tvrs_recovery.py/activity/2ed9f47-025.modified
1784664871|cdnserver|A|/persistence/schema.py/activity/2ed9f47-026.modified
1784664871|cdnserver|A|/persistence/tvrs_repository.py/activity/2ed9f47-027.modified
1784664871|cdnserver|A|/tests/test_consensus_lifecycle_safety.py/activity/2ed9f47-028.added
1784664871|cdnserver|A|/tests/test_consensus_service.py/activity/2ed9f47-029.modified
1784664871|cdnserver|A|/tests/test_consensus_v3.py/activity/2ed9f47-030.modified
1784666598|cdnserver|A|/modules/consensus_core.py/activity/8c3e92f-001.modified
1784666598|cdnserver|A|/modules/consensus_health.py/activity/8c3e92f-002.modified
1784666598|cdnserver|A|/modules/consensus_operational.py/activity/8c3e92f-003.added
1784666598|cdnserver|A|/modules/consensus_recovery_plan.py/activity/8c3e92f-004.added
1784666598|cdnserver|A|/modules/consensus_service.py/activity/8c3e92f-005.modified
1784666598|cdnserver|A|/modules/tvrs_consensus_admin.py/activity/8c3e92f-006.modified
1784666598|cdnserver|A|/modules/tvrs_discussion.py/activity/8c3e92f-007.modified
1784666598|cdnserver|A|/modules/tvrs_recovery.py/activity/8c3e92f-008.modified
1784666598|cdnserver|A|/persistence/outbox_repository.py/activity/8c3e92f-009.modified
1784666598|cdnserver|A|/tests/test_consensus_delivery_recovery.py/activity/8c3e92f-010.modified
1784666598|cdnserver|A|/tests/test_consensus_faults.py/activity/8c3e92f-011.modified
1784666598|cdnserver|A|/tests/test_consensus_lifecycle_safety.py/activity/8c3e92f-012.modified
1784666598|cdnserver|A|/tests/test_consensus_recovery_plan.py/activity/8c3e92f-013.added
1784666598|cdnserver|A|/tests/test_consensus_v3.py/activity/8c3e92f-014.modified
1784666598|cdnserver|A|/tests/test_delivery_outbox.py/activity/8c3e92f-015.modified
1785159954|cdnserver|A|/_root/.env.example/activity/21ed270-001.modified
1785159954|cdnserver|A|/_root/.env.persistent.example/activity/21ed270-002.modified
1785159954|cdnserver|A|/_root/README_RU.md/activity/21ed270-003.modified
1785159954|cdnserver|A|/gitbook/SUMMARY.md/activity/21ed270-004.modified
1785159954|cdnserver|A|/gitbook/changelog/2026-07-27.md/activity/21ed270-005.added
1785159954|cdnserver|M|/gitbook/changelog/activity/21ed270-006.dir1.added
1785159954|cdnserver|A|/gitbook/changelog/README.md/activity/21ed270-007.modified
1785159954|cdnserver|M|/gitbook/changelog/activity/21ed270-008.dir1.modified
1785159954|cdnserver|A|/gitbook/consensus/chair.md/activity/21ed270-009.modified
1785159954|cdnserver|M|/gitbook/consensus/activity/21ed270-010.dir1.modified
1785159954|cdnserver|A|/gitbook/consensus/decision-rules.md/activity/21ed270-011.modified
1785159954|cdnserver|M|/gitbook/consensus/activity/21ed270-012.dir1.modified
1785159954|cdnserver|A|/gitbook/consensus/participant.md/activity/21ed270-013.modified
1785159954|cdnserver|M|/gitbook/consensus/activity/21ed270-014.dir1.modified
1785159954|cdnserver|A|/gitbook/consensus/v3.md/activity/21ed270-015.modified
1785159954|cdnserver|M|/gitbook/consensus/activity/21ed270-016.dir1.modified
1785159954|cdnserver|A|/gitbook/tools/member-profile.md/activity/21ed270-017.modified
1785159954|cdnserver|M|/gitbook/tools/activity/21ed270-018.dir1.modified
1785159954|cdnserver|A|/gitbook/troubleshooting.md/activity/21ed270-019.modified
1785159954|cdnserver|A|/gitbook/tvrs/bills.md/activity/21ed270-020.modified
1785159954|cdnserver|M|/gitbook/tvrs/activity/21ed270-021.dir1.modified
1785159954|cdnserver|A|/modules/bill_editor_ai.py/activity/21ed270-022.added
1785159954|cdnserver|A|/modules/consensus_core.py/activity/21ed270-023.modified
1785159954|cdnserver|A|/modules/consensus_health.py/activity/21ed270-024.modified
1785159954|cdnserver|A|/modules/consensus_operational.py/activity/21ed270-025.modified
1785159954|cdnserver|A|/modules/consensus_recovery_plan.py/activity/21ed270-026.modified
1785159954|cdnserver|A|/modules/consensus_repository.py/activity/21ed270-027.modified
1785159954|cdnserver|A|/modules/consensus_service.py/activity/21ed270-028.modified
1785159954|cdnserver|A|/modules/consensus_simulator.py/activity/21ed270-029.modified
1785159954|cdnserver|A|/modules/consensus_v3.py/activity/21ed270-030.modified
1785159954|cdnserver|A|/modules/profile.py/activity/21ed270-031.modified
1785159954|cdnserver|A|/modules/tvrs_bill_editor.py/activity/21ed270-032.added
1785159954|cdnserver|A|/modules/tvrs_config.py/activity/21ed270-033.modified
1785159954|cdnserver|A|/modules/tvrs_consensus_views.py/activity/21ed270-034.modified
1785159954|cdnserver|A|/modules/tvrs_control.py/activity/21ed270-035.modified
1785159954|cdnserver|A|/modules/tvrs_decision.py/activity/21ed270-036.modified
1785159954|cdnserver|A|/modules/tvrs_delivery.py/activity/21ed270-037.modified
1785159954|cdnserver|A|/modules/tvrs_discussion.py/activity/21ed270-038.modified
1785159954|cdnserver|A|/modules/tvrs_embeds.py/activity/21ed270-039.modified
1785159954|cdnserver|A|/modules/tvrs_formatting.py/activity/21ed270-040.modified
1785159954|cdnserver|A|/modules/tvrs_hub_views.py/activity/21ed270-041.modified
1785159954|cdnserver|A|/modules/tvrs_presentation.py/activity/21ed270-042.modified
1785159954|cdnserver|A|/modules/tvrs_recovery.py/activity/21ed270-043.modified
1785159954|cdnserver|A|/modules/tvrs_result_views.py/activity/21ed270-044.added
1785159954|cdnserver|A|/modules/tvrs_setup.py/activity/21ed270-045.modified
1785159954|cdnserver|A|/modules/tvrs_transient_notices.py/activity/21ed270-046.added
1785159954|cdnserver|A|/persistence/bill_workspace_repository.py/activity/21ed270-047.added
1785159954|cdnserver|A|/persistence/core.py/activity/21ed270-048.modified
1785159954|cdnserver|A|/persistence/profile_repository.py/activity/21ed270-049.modified
1785159954|cdnserver|A|/persistence/schema.py/activity/21ed270-050.modified
1785159954|cdnserver|A|/persistence/tvrs_repository.py/activity/21ed270-051.modified
1785159954|cdnserver|A|/_root/storage.py/activity/21ed270-052.modified
1785159954|cdnserver|A|/tests/test_consensus_act_iii_and_bill_editor.py/activity/21ed270-053.added
1785159954|cdnserver|A|/tests/test_consensus_delivery_recovery.py/activity/21ed270-054.modified
1785159954|cdnserver|A|/tests/test_consensus_faults.py/activity/21ed270-055.modified
1785159954|cdnserver|A|/tests/test_consensus_lifecycle_safety.py/activity/21ed270-056.modified
1785159954|cdnserver|A|/tests/test_consensus_recovery_plan.py/activity/21ed270-057.modified
1785159954|cdnserver|A|/tests/test_consensus_service.py/activity/21ed270-058.modified
1785159954|cdnserver|A|/tests/test_consensus_simulator.py/activity/21ed270-059.modified
1785159954|cdnserver|A|/tests/test_consensus_v3.py/activity/21ed270-060.modified
1785159954|cdnserver|A|/tests/test_profile.py/activity/21ed270-061.modified
1785159954|cdnserver|A|/tests/test_tvrs_architecture.py/activity/21ed270-062.modified
1785160796|cdnserver|A|/_root/README_RU.md/activity/ed07dcc-001.modified
1785160796|cdnserver|A|/gitbook/changelog/2026-07-27.md/activity/ed07dcc-002.modified
1785160796|cdnserver|M|/gitbook/changelog/activity/ed07dcc-003.dir1.modified
1785160796|cdnserver|A|/gitbook/consensus/decision-rules.md/activity/ed07dcc-004.modified
1785160796|cdnserver|M|/gitbook/consensus/activity/ed07dcc-005.dir1.modified
1785160796|cdnserver|A|/gitbook/tvrs/bills.md/activity/ed07dcc-006.modified
1785160796|cdnserver|M|/gitbook/tvrs/activity/ed07dcc-007.dir1.modified
1785160796|cdnserver|A|/modules/bill_editor_ai.py/activity/ed07dcc-008.modified
1785160796|cdnserver|A|/modules/consensus_core.py/activity/ed07dcc-009.modified
1785160796|cdnserver|A|/modules/tvrs_bill_editor.py/activity/ed07dcc-010.modified
1785160796|cdnserver|A|/modules/tvrs_decision.py/activity/ed07dcc-011.modified
1785160796|cdnserver|A|/modules/tvrs_embeds.py/activity/ed07dcc-012.modified
1785160796|cdnserver|A|/persistence/tvrs_repository.py/activity/ed07dcc-013.modified
1785160796|cdnserver|A|/tests/test_consensus_act_iii_and_bill_editor.py/activity/ed07dcc-014.modified
1785168157|cdnserver|A|/gitbook/changelog/2026-07-27.md/activity/2a8a20e-001.modified
1785168157|cdnserver|M|/gitbook/changelog/activity/2a8a20e-002.dir1.modified
1785168157|cdnserver|A|/modules/admin_broadcast.py/activity/2a8a20e-003.added
1785168157|cdnserver|A|/modules/control_center.py/activity/2a8a20e-004.modified
1785168157|cdnserver|A|/persistence/broadcast_repository.py/activity/2a8a20e-005.added
1785168157|cdnserver|A|/persistence/schema.py/activity/2a8a20e-006.modified
1785168157|cdnserver|A|/_root/storage.py/activity/2a8a20e-007.modified
1785168157|cdnserver|A|/tests/test_admin_broadcast.py/activity/2a8a20e-008.added
1785168157|cdnserver|A|/tests/test_operations_ui.py/activity/2a8a20e-009.modified
1785195620|cdnserver|A|/_root/.env.example/activity/f6ad9d1-001.modified
1785195620|cdnserver|A|/_root/.env.persistent.example/activity/f6ad9d1-002.modified
1785195620|cdnserver|A|/_root/Dockerfile/activity/f6ad9d1-003.modified
1785195620|cdnserver|A|/_root/docker-compose.yml/activity/f6ad9d1-004.modified
1785195620|cdnserver|A|/gitbook/SUMMARY.md/activity/f6ad9d1-005.modified
1785195620|cdnserver|A|/gitbook/changelog/2026-07-28.md/activity/f6ad9d1-006.added
1785195620|cdnserver|M|/gitbook/changelog/activity/f6ad9d1-007.dir1.added
1785195620|cdnserver|A|/gitbook/changelog/README.md/activity/f6ad9d1-008.modified
1785195620|cdnserver|M|/gitbook/changelog/activity/f6ad9d1-009.dir1.modified
1785195620|cdnserver|A|/gitbook/consensus/web-panel.md/activity/f6ad9d1-010.added
1785195620|cdnserver|M|/gitbook/consensus/activity/f6ad9d1-011.dir1.added
1785195620|cdnserver|A|/_root/main.py/activity/f6ad9d1-012.modified
1785195620|cdnserver|A|/modules/consensus_web.py/activity/f6ad9d1-013.added
1785195620|cdnserver|A|/modules/control_center.py/activity/f6ad9d1-014.modified
1785195620|cdnserver|A|/_root/requirements.txt/activity/f6ad9d1-015.modified
1785195620|cdnserver|A|/tests/test_consensus_web.py/activity/f6ad9d1-016.added
1785195620|cdnserver|A|/tests/test_operations_ui.py/activity/f6ad9d1-017.modified
1785195620|cdnserver|A|/web/consensus/app.js/activity/f6ad9d1-018.added
1785195620|cdnserver|M|/web/consensus/activity/f6ad9d1-019.dir1.added
1785195620|cdnserver|A|/web/consensus/index.html/activity/f6ad9d1-020.added
1785195620|cdnserver|M|/web/consensus/activity/f6ad9d1-021.dir1.added
1785195620|cdnserver|A|/web/consensus/style.css/activity/f6ad9d1-022.added
1785195620|cdnserver|M|/web/consensus/activity/f6ad9d1-023.dir1.added
1785255034|cdnserver|A|/_root/README_RU.md/activity/f30a0f7-001.modified
1785255034|cdnserver|A|/_root/configure_consensus_windows.ps1/activity/f30a0f7-002.added
1785255034|cdnserver|A|/gitbook/changelog/2026-07-28.md/activity/f30a0f7-003.modified
1785255034|cdnserver|M|/gitbook/changelog/activity/f30a0f7-004.dir1.modified
1785255034|cdnserver|A|/gitbook/consensus/web-panel.md/activity/f30a0f7-005.modified
1785255034|cdnserver|M|/gitbook/consensus/activity/f30a0f7-006.dir1.modified
1785255034|cdnserver|A|/_root/run_windows.bat/activity/f30a0f7-007.modified
1785255034|cdnserver|A|/tests/test_windows_consensus_launcher.py/activity/f30a0f7-008.added
1785259145|cdnserver|A|/_root/configure_consensus_windows.ps1/activity/656fa3e-001.modified
1785259145|cdnserver|A|/_root/run_windows.bat/activity/656fa3e-002.modified
1785259145|cdnserver|A|/tests/test_windows_consensus_launcher.py/activity/656fa3e-003.modified
1785261774|cdnserver|A|/_root/configure_consensus_windows.ps1/activity/862d7f7-001.modified
1785261774|cdnserver|A|/gitbook/consensus/web-panel.md/activity/862d7f7-002.modified
1785261774|cdnserver|M|/gitbook/consensus/activity/862d7f7-003.dir1.modified
1785261774|cdnserver|A|/tests/test_windows_consensus_launcher.py/activity/862d7f7-004.modified
1785262910|cdnserver|A|/_root/.env.example/activity/5e6112e-001.modified
1785262910|cdnserver|A|/_root/.env.persistent.example/activity/5e6112e-002.modified
1785262910|cdnserver|A|/_root/README_RU.md/activity/5e6112e-003.modified
1785262910|cdnserver|A|/_root/configure_cloudflare_tunnel_windows.ps1/activity/5e6112e-004.added
1785262910|cdnserver|A|/_root/docker-compose.yml/activity/5e6112e-005.modified
1785262910|cdnserver|A|/gitbook/changelog/2026-07-28.md/activity/5e6112e-006.modified
1785262910|cdnserver|M|/gitbook/changelog/activity/5e6112e-007.dir1.modified
1785262910|cdnserver|A|/gitbook/consensus/web-panel.md/activity/5e6112e-008.modified
1785262910|cdnserver|M|/gitbook/consensus/activity/5e6112e-009.dir1.modified
1785262910|cdnserver|A|/modules/consensus_web.py/activity/5e6112e-010.modified
1785262910|cdnserver|A|/_root/run_windows.bat/activity/5e6112e-011.modified
1785262910|cdnserver|A|/tests/test_consensus_web.py/activity/5e6112e-012.modified
1785262910|cdnserver|A|/tests/test_windows_consensus_launcher.py/activity/5e6112e-013.modified
1785265053|cdnserver|A|/_root/README_RU.md/activity/fc26c91-001.modified
1785265053|cdnserver|A|/gitbook/changelog/2026-07-28.md/activity/fc26c91-002.modified
1785265053|cdnserver|M|/gitbook/changelog/activity/fc26c91-003.dir1.modified
1785265053|cdnserver|A|/gitbook/consensus/simulator.md/activity/fc26c91-004.modified
1785265053|cdnserver|M|/gitbook/consensus/activity/fc26c91-005.dir1.modified
1785265053|cdnserver|A|/gitbook/consensus/web-panel.md/activity/fc26c91-006.modified
1785265053|cdnserver|M|/gitbook/consensus/activity/fc26c91-007.dir1.modified
1785265053|cdnserver|A|/gitbook/tvrs/operations-center.md/activity/fc26c91-008.modified
1785265053|cdnserver|M|/gitbook/tvrs/activity/fc26c91-009.dir1.modified
1785265053|cdnserver|A|/modules/consensus_simulator.py/activity/fc26c91-010.modified
1785265053|cdnserver|A|/modules/consensus_web.py/activity/fc26c91-011.modified
1785265053|cdnserver|A|/tests/test_consensus_simulator.py/activity/fc26c91-012.modified
1785265053|cdnserver|A|/tests/test_consensus_web.py/activity/fc26c91-013.modified
1785265053|cdnserver|A|/web/consensus/app.js/activity/fc26c91-014.modified
1785265053|cdnserver|M|/web/consensus/activity/fc26c91-015.dir1.modified
1785265053|cdnserver|A|/web/consensus/index.html/activity/fc26c91-016.modified
1785265053|cdnserver|M|/web/consensus/activity/fc26c91-017.dir1.modified
1785265053|cdnserver|A|/web/consensus/style.css/activity/fc26c91-018.modified
1785265053|cdnserver|M|/web/consensus/activity/fc26c91-019.dir1.modified
1785268157|cdnserver|A|/_root/.env.example/activity/6fa231a-001.modified
1785268157|cdnserver|A|/_root/.env.persistent.example/activity/6fa231a-002.modified
1785268157|cdnserver|A|/_root/README_RU.md/activity/6fa231a-003.modified
1785268157|cdnserver|A|/gitbook/changelog/2026-07-28.md/activity/6fa231a-004.modified
1785268157|cdnserver|M|/gitbook/changelog/activity/6fa231a-005.dir1.modified
1785268157|cdnserver|A|/gitbook/consensus/simulator.md/activity/6fa231a-006.modified
1785268157|cdnserver|M|/gitbook/consensus/activity/6fa231a-007.dir1.modified
1785268157|cdnserver|A|/gitbook/consensus/web-panel.md/activity/6fa231a-008.modified
1785268157|cdnserver|M|/gitbook/consensus/activity/6fa231a-009.dir1.modified
1785268157|cdnserver|A|/modules/consensus_simulator.py/activity/6fa231a-010.modified
1785268157|cdnserver|A|/modules/consensus_web.py/activity/6fa231a-011.modified
1785268157|cdnserver|A|/modules/consensus_web_auth.py/activity/6fa231a-012.added
1785268157|cdnserver|A|/modules/consensus_web_control.py/activity/6fa231a-013.added
1785268157|cdnserver|A|/modules/tvrs_consensus_portal.py/activity/6fa231a-014.modified
1785268157|cdnserver|A|/modules/tvrs_control.py/activity/6fa231a-015.modified
1785268157|cdnserver|A|/modules/tvrs_decision.py/activity/6fa231a-016.modified
1785268157|cdnserver|A|/modules/tvrs_discussion.py/activity/6fa231a-017.modified
1785268157|cdnserver|A|/tests/test_consensus_web.py/activity/6fa231a-018.modified
1785268157|cdnserver|A|/web/consensus/app.js/activity/6fa231a-019.modified
1785268157|cdnserver|M|/web/consensus/activity/6fa231a-020.dir1.modified
1785268157|cdnserver|A|/web/consensus/index.html/activity/6fa231a-021.modified
1785268157|cdnserver|M|/web/consensus/activity/6fa231a-022.dir1.modified
1785268157|cdnserver|A|/web/consensus/style.css/activity/6fa231a-023.modified
1785268157|cdnserver|M|/web/consensus/activity/6fa231a-024.dir1.modified
1785272561|cdnserver|A|/gitbook/changelog/2026-07-28.md/activity/ba3b688-001.modified
1785272561|cdnserver|M|/gitbook/changelog/activity/ba3b688-002.dir1.modified
1785272561|cdnserver|A|/gitbook/consensus/web-panel.md/activity/ba3b688-003.modified
1785272561|cdnserver|M|/gitbook/consensus/activity/ba3b688-004.dir1.modified
1785272561|cdnserver|A|/modules/consensus_simulator.py/activity/ba3b688-005.modified
1785272561|cdnserver|A|/modules/consensus_web.py/activity/ba3b688-006.modified
1785272561|cdnserver|A|/modules/sgbureau.py/activity/ba3b688-007.modified
1785272561|cdnserver|A|/persistence/tvrs_repository.py/activity/ba3b688-008.modified
1785272561|cdnserver|A|/tests/test_consensus_web.py/activity/ba3b688-009.modified
1785272561|cdnserver|A|/tests/test_sgbureau_case_creation.py/activity/ba3b688-010.added
1785272561|cdnserver|A|/web/consensus/app.js/activity/ba3b688-011.modified
1785272561|cdnserver|M|/web/consensus/activity/ba3b688-012.dir1.modified
1785272561|cdnserver|A|/web/consensus/index.html/activity/ba3b688-013.modified
1785272561|cdnserver|M|/web/consensus/activity/ba3b688-014.dir1.modified
1785272561|cdnserver|A|/web/consensus/style.css/activity/ba3b688-015.modified
1785272561|cdnserver|M|/web/consensus/activity/ba3b688-016.dir1.modified
1785315714|cdnserver|A|/_root/.env.example/activity/dee47e8-001.modified
1785315714|cdnserver|A|/_root/.env.persistent.example/activity/dee47e8-002.modified
1785315714|cdnserver|A|/_root/Caddyfile/activity/dee47e8-003.added
1785315714|cdnserver|A|/_root/README_RU.md/activity/dee47e8-004.modified
1785315714|cdnserver|A|/_root/configure_direct_web_windows.ps1/activity/dee47e8-005.added
1785315714|cdnserver|A|/_root/docker-compose.yml/activity/dee47e8-006.modified
1785315714|cdnserver|A|/gitbook/SUMMARY.md/activity/dee47e8-007.modified
1785315714|cdnserver|A|/gitbook/changelog/2026-07-29.md/activity/dee47e8-008.added
1785315714|cdnserver|M|/gitbook/changelog/activity/dee47e8-009.dir1.added
1785315714|cdnserver|A|/gitbook/changelog/README.md/activity/dee47e8-010.modified
1785315714|cdnserver|M|/gitbook/changelog/activity/dee47e8-011.dir1.modified
1785315714|cdnserver|A|/gitbook/consensus/web-panel.md/activity/dee47e8-012.modified
1785315714|cdnserver|M|/gitbook/consensus/activity/dee47e8-013.dir1.modified
1785315714|cdnserver|A|/modules/consensus_web.py/activity/dee47e8-014.modified
1785315714|cdnserver|A|/_root/run_windows.bat/activity/dee47e8-015.modified
1785315714|cdnserver|A|/tests/test_consensus_web.py/activity/dee47e8-016.modified
1785315714|cdnserver|A|/tests/test_windows_consensus_launcher.py/activity/dee47e8-017.modified
1785315714|cdnserver|A|/web/consensus/app.js/activity/dee47e8-018.modified
1785315714|cdnserver|M|/web/consensus/activity/dee47e8-019.dir1.modified
1785319955|cdnserver|A|/gitbook/changelog/2026-07-29.md/activity/a3b39bd-001.modified
1785319955|cdnserver|M|/gitbook/changelog/activity/a3b39bd-002.dir1.modified
1785319955|cdnserver|A|/tests/test_consensus_web.py/activity/a3b39bd-003.modified
1785319955|cdnserver|A|/web/consensus/app.js/activity/a3b39bd-004.modified
1785319955|cdnserver|M|/web/consensus/activity/a3b39bd-005.dir1.modified
1785319955|cdnserver|A|/web/consensus/index.html/activity/a3b39bd-006.modified
1785319955|cdnserver|M|/web/consensus/activity/a3b39bd-007.dir1.modified
1785319955|cdnserver|A|/web/consensus/style.css/activity/a3b39bd-008.modified
1785319955|cdnserver|M|/web/consensus/activity/a3b39bd-009.dir1.modified
1785321711|cdnserver|A|/_root/.dockerignore/activity/580d147-001.added
1785321711|cdnserver|A|/_root/.env.example/activity/580d147-002.modified
1785321711|cdnserver|A|/_root/.env.persistent.example/activity/580d147-003.modified
1785321711|cdnserver|A|/_root/README_RU.md/activity/580d147-004.modified
1785321711|cdnserver|A|/_root/configure_browser_stream_windows.ps1/activity/580d147-005.added
1785321711|cdnserver|A|/discord-browser-stream/.dockerignore/activity/580d147-006.added
1785321711|cdnserver|A|/discord-browser-stream/.env.example/activity/580d147-007.added
1785321711|cdnserver|A|/discord-browser-stream/.gitignore/activity/580d147-008.added
1785321711|cdnserver|A|/discord-browser-stream/Dockerfile/activity/580d147-009.added
1785321711|cdnserver|A|/discord-browser-stream/README.md/activity/580d147-010.added
1785321711|cdnserver|A|/discord-browser-stream/docker-compose.yml/activity/580d147-011.added
1785321711|cdnserver|A|/discord-browser-stream/docker-entrypoint.sh/activity/580d147-012.added
1785321711|cdnserver|A|/discord-browser-stream/package.json/activity/580d147-013.added
1785321711|cdnserver|A|/discord-browser-stream/pnpm-lock.yaml/activity/580d147-014.added
1785321711|cdnserver|A|/discord-browser-stream/pnpm-workspace.yaml/activity/580d147-015.added
1785321711|cdnserver|A|/discord-browser-stream/src/index.js/activity/580d147-016.added
1785321711|cdnserver|M|/discord-browser-stream/src/activity/580d147-017.dir1.added
1785321711|cdnserver|A|/_root/docker-compose.yml/activity/580d147-018.modified
1785321711|cdnserver|A|/gitbook/changelog/2026-07-29.md/activity/580d147-019.modified
1785321711|cdnserver|M|/gitbook/changelog/activity/580d147-020.dir1.modified
1785321711|cdnserver|A|/_root/main.py/activity/580d147-021.modified
1785321711|cdnserver|A|/modules/browser_stream.py/activity/580d147-022.added
1785321711|cdnserver|A|/_root/run_windows.bat/activity/580d147-023.modified
1785321711|cdnserver|A|/tests/test_browser_stream.py/activity/580d147-024.added
1785323721|cdnserver|A|/gitbook/changelog/2026-07-29.md/activity/f43260b-001.modified
1785323721|cdnserver|M|/gitbook/changelog/activity/f43260b-002.dir1.modified
1785323721|cdnserver|A|/modules/consensus_web.py/activity/f43260b-003.modified
1785323721|cdnserver|A|/tests/test_consensus_web.py/activity/f43260b-004.modified
1785323721|cdnserver|A|/web/consensus/index.html/activity/f43260b-005.modified
1785323721|cdnserver|M|/web/consensus/activity/f43260b-006.dir1.modified
1785323721|cdnserver|A|/web/consensus/style.css/activity/f43260b-007.modified
1785323721|cdnserver|M|/web/consensus/activity/f43260b-008.dir1.modified
1785347056|cdnserver|A|/discord-browser-stream/pnpm-workspace.yaml/activity/5b6d34e-001.modified
1785347056|cdnserver|A|/tests/test_browser_stream.py/activity/5b6d34e-002.modified
1785347495|cdnserver|A|/_root/.gitattributes/activity/1bc69ca-001.added
1785347495|cdnserver|A|/discord-browser-stream/Dockerfile/activity/1bc69ca-002.modified
1785347495|cdnserver|A|/discord-browser-stream/docker-compose.yml/activity/1bc69ca-003.modified
1785347495|cdnserver|A|/_root/docker-compose.yml/activity/1bc69ca-004.modified
1785347495|cdnserver|A|/tests/test_browser_stream.py/activity/1bc69ca-005.modified
1785347933|cdnserver|A|/discord-browser-stream/.env.example/activity/18d4ba2-001.modified
1785347933|cdnserver|A|/discord-browser-stream/README.md/activity/18d4ba2-002.modified
1785347933|cdnserver|A|/discord-browser-stream/src/index.js/activity/18d4ba2-003.modified
1785347933|cdnserver|M|/discord-browser-stream/src/activity/18d4ba2-004.dir1.modified
1785347933|cdnserver|A|/tests/test_browser_stream.py/activity/18d4ba2-005.modified
1785348863|cdnserver|A|/discord-browser-stream/.env.example/activity/d2d9bb7-001.modified
1785348863|cdnserver|A|/discord-browser-stream/Dockerfile/activity/d2d9bb7-002.modified
1785348863|cdnserver|A|/discord-browser-stream/README.md/activity/d2d9bb7-003.modified
1785348863|cdnserver|A|/discord-browser-stream/docker-entrypoint.sh/activity/d2d9bb7-004.modified
1785348863|cdnserver|A|/discord-browser-stream/package.json/activity/d2d9bb7-005.modified
1785348863|cdnserver|A|/discord-browser-stream/src/index.js/activity/d2d9bb7-006.modified
1785348863|cdnserver|M|/discord-browser-stream/src/activity/d2d9bb7-007.dir1.modified
1785348863|cdnserver|A|/discord-browser-stream/src/lifecycle.js/activity/d2d9bb7-008.added
1785348863|cdnserver|M|/discord-browser-stream/src/activity/d2d9bb7-009.dir1.added
1785348863|cdnserver|A|/discord-browser-stream/test/lifecycle.test.js/activity/d2d9bb7-010.added
1785348863|cdnserver|M|/discord-browser-stream/test/activity/d2d9bb7-011.dir1.added
1785348863|cdnserver|A|/modules/consensus_web.py/activity/d2d9bb7-012.modified
1785348863|cdnserver|A|/tests/test_browser_stream.py/activity/d2d9bb7-013.modified
1785348863|cdnserver|A|/tests/test_consensus_web.py/activity/d2d9bb7-014.modified
1785348863|cdnserver|A|/web/consensus/egg.css/activity/d2d9bb7-015.added
1785348863|cdnserver|M|/web/consensus/activity/d2d9bb7-016.dir1.added
1785348863|cdnserver|A|/web/consensus/egg.html/activity/d2d9bb7-017.added
1785348863|cdnserver|M|/web/consensus/activity/d2d9bb7-018.dir1.added
1785349419|cdnserver|A|/discord-browser-stream/.env.example/activity/5824d4c-001.modified
1785349419|cdnserver|A|/discord-browser-stream/README.md/activity/5824d4c-002.modified
1785349419|cdnserver|A|/discord-browser-stream/src/index.js/activity/5824d4c-003.modified
1785349419|cdnserver|M|/discord-browser-stream/src/activity/5824d4c-004.dir1.modified
1785349419|cdnserver|A|/discord-browser-stream/src/lifecycle.js/activity/5824d4c-005.modified
1785349419|cdnserver|M|/discord-browser-stream/src/activity/5824d4c-006.dir1.modified
1785349419|cdnserver|A|/discord-browser-stream/test/lifecycle.test.js/activity/5824d4c-007.modified
1785349419|cdnserver|M|/discord-browser-stream/test/activity/5824d4c-008.dir1.modified
1785349419|cdnserver|A|/tests/test_browser_stream.py/activity/5824d4c-009.modified
1785350823|cdnserver|A|/discord-browser-stream/.env.example/activity/3a580ab-001.modified
1785350823|cdnserver|A|/discord-browser-stream/Dockerfile/activity/3a580ab-002.modified
1785350823|cdnserver|A|/discord-browser-stream/README.md/activity/3a580ab-003.modified
1785350823|cdnserver|A|/discord-browser-stream/scripts/patch-discord-video-stream.mjs/activity/3a580ab-004.added
1785350823|cdnserver|M|/discord-browser-stream/scripts/activity/3a580ab-005.dir1.added
1785350823|cdnserver|A|/discord-browser-stream/scripts/patch-puppeteer-stream.mjs/activity/3a580ab-006.added
1785350823|cdnserver|M|/discord-browser-stream/scripts/activity/3a580ab-007.dir1.added
1785350823|cdnserver|A|/discord-browser-stream/src/index.js/activity/3a580ab-008.modified
1785350823|cdnserver|M|/discord-browser-stream/src/activity/3a580ab-009.dir1.modified
1785350823|cdnserver|A|/discord-browser-stream/src/lifecycle.js/activity/3a580ab-010.modified
1785350823|cdnserver|M|/discord-browser-stream/src/activity/3a580ab-011.dir1.modified
1785350823|cdnserver|A|/discord-browser-stream/test/dependency-patch.test.js/activity/3a580ab-012.added
1785350823|cdnserver|M|/discord-browser-stream/test/activity/3a580ab-013.dir1.added
1785350823|cdnserver|A|/discord-browser-stream/test/lifecycle.test.js/activity/3a580ab-014.modified
1785350823|cdnserver|M|/discord-browser-stream/test/activity/3a580ab-015.dir1.modified
1785350823|cdnserver|A|/modules/browser_stream.py/activity/3a580ab-016.modified
1785350823|cdnserver|A|/tests/test_browser_stream.py/activity/3a580ab-017.modified
1785355221|cdnserver|A|/modules/consensus_web.py/activity/55dadf6-001.modified
1785355221|cdnserver|A|/tests/test_consensus_web.py/activity/55dadf6-002.modified
1785355221|cdnserver|A|/web/consensus/egg.html/activity/55dadf6-003.modified
1785355221|cdnserver|M|/web/consensus/activity/55dadf6-004.dir1.modified
1785358277|cdnserver|A|/modules/consensus_web.py/activity/1cdcbc0-001.modified
1785358277|cdnserver|A|/tests/test_consensus_web.py/activity/1cdcbc0-002.modified
1785358277|cdnserver|A|/web/consensus/egg.css/activity/1cdcbc0-003.modified
1785358277|cdnserver|M|/web/consensus/activity/1cdcbc0-004.dir1.modified
1785358277|cdnserver|A|/web/consensus/egg.html/activity/1cdcbc0-005.modified
1785358277|cdnserver|M|/web/consensus/activity/1cdcbc0-006.dir1.modified
1785358277|cdnserver|A|/web/consensus/egg.js/activity/1cdcbc0-007.added
1785358277|cdnserver|M|/web/consensus/activity/1cdcbc0-008.dir1.added
1785358277|cdnserver|A|/web/consensus/zigmund-murchalki.mp3/activity/1cdcbc0-009.added
1785358277|cdnserver|M|/web/consensus/activity/1cdcbc0-010.dir1.added
1785433614|cdnserver|A|/artifacts/t-mod-activity-preview-v2.mp4/activity/57c8521-001.added
1785433614|cdnserver|A|/artifacts/t-mod-activity-preview.mp4/activity/57c8521-002.added
1785433614|cdnserver|A|/artifacts/t-mod-activity.log/activity/57c8521-003.added
1785433614|cdnserver|A|/artifacts/t-mod-ambient-balanced.m4a/activity/57c8521-004.added
1785433614|cdnserver|A|/artifacts/t-mod-ambient.m4a/activity/57c8521-005.added
1785433614|cdnserver|A|/artifacts/t-mod-gource-1080p60.mp4/activity/57c8521-006.added
1785433614|cdnserver|A|/artifacts/t-mod-gource-ambient-1080p60.mp4/activity/57c8521-007.added
1785433614|cdnserver|A|/artifacts/t-mod-gource-calm-ambient-1080p60.mp4/activity/57c8521-008.added
1785433614|cdnserver|A|/artifacts/t-mod-gource-detailed-1080p60.mp4/activity/57c8521-009.added
1785433614|cdnserver|A|/artifacts/t-mod-gource-preview.mp4/activity/57c8521-010.added
1785433614|cdnserver|A|/artifacts/yurasoop-soft-minimalist-ambient-519879.mp3/activity/57c8521-011.added
1785433614|cdnserver|A|/discord-browser-stream/package.json/activity/57c8521-012.modified
1785433614|cdnserver|A|/discord-browser-stream/pnpm-lock.yaml/activity/57c8521-013.modified
1785433614|cdnserver|A|/discord-browser-stream/pnpm-workspace.yaml/activity/57c8521-014.modified
1785433614|cdnserver|A|/discord-browser-stream/test/dependency-patch.test.js/activity/57c8521-015.modified
1785433614|cdnserver|M|/discord-browser-stream/test/activity/57c8521-016.dir1.modified
1785433614|cdnserver|A|/gitbook/SUMMARY.md/activity/57c8521-017.modified
1785433614|cdnserver|A|/gitbook/changelog/2026-07-30.md/activity/57c8521-018.added
1785433614|cdnserver|M|/gitbook/changelog/activity/57c8521-019.dir1.added
1785433614|cdnserver|A|/gitbook/changelog/README.md/activity/57c8521-020.modified
1785433614|cdnserver|M|/gitbook/changelog/activity/57c8521-021.dir1.modified
1785433614|cdnserver|A|/gitbook/consensus/web-panel.md/activity/57c8521-022.modified
1785433614|cdnserver|M|/gitbook/consensus/activity/57c8521-023.dir1.modified
1785433614|cdnserver|A|/modules/consensus_admin_web.py/activity/57c8521-024.added
1785433614|cdnserver|A|/modules/consensus_web.py/activity/57c8521-025.modified
1785433614|cdnserver|A|/modules/consensus_web_auth.py/activity/57c8521-026.modified
1785433614|cdnserver|A|/modules/music_setup.py/activity/57c8521-027.modified
1785433614|cdnserver|A|/persistence/admin_dashboard_repository.py/activity/57c8521-028.added
1785433614|cdnserver|A|/persistence/core.py/activity/57c8521-029.modified
1785433614|cdnserver|A|/persistence/schema.py/activity/57c8521-030.modified
1785433614|cdnserver|A|/persistence/tvrs_repository.py/activity/57c8521-031.modified
1785433614|cdnserver|A|/persistence/web_portal_repository.py/activity/57c8521-032.added
1785433614|cdnserver|A|/scripts/build-gource-activity-log.py/activity/57c8521-033.added
1785433614|cdnserver|A|/scripts/render-gource.sh/activity/57c8521-034.added
1785433614|cdnserver|A|/tests/test_admin_dashboard_repository.py/activity/57c8521-035.added
1785433614|cdnserver|A|/tests/test_consensus_web.py/activity/57c8521-036.modified
1785433614|cdnserver|A|/tests/test_web_portal_repository.py/activity/57c8521-037.added
1785433614|cdnserver|A|/web/consensus/admin.css/activity/57c8521-038.added
1785433614|cdnserver|M|/web/consensus/activity/57c8521-039.dir1.added
1785433614|cdnserver|A|/web/consensus/admin.html/activity/57c8521-040.added
1785433614|cdnserver|M|/web/consensus/activity/57c8521-041.dir1.added
1785433614|cdnserver|A|/web/consensus/admin.js/activity/57c8521-042.added
1785433614|cdnserver|M|/web/consensus/activity/57c8521-043.dir1.added
1785433614|cdnserver|A|/web/consensus/app.js/activity/57c8521-044.modified
1785433614|cdnserver|M|/web/consensus/activity/57c8521-045.dir1.modified
1785433614|cdnserver|A|/web/consensus/egg.css/activity/57c8521-046.modified
1785433614|cdnserver|M|/web/consensus/activity/57c8521-047.dir1.modified
1785433614|cdnserver|A|/web/consensus/egg.html/activity/57c8521-048.modified
1785433614|cdnserver|M|/web/consensus/activity/57c8521-049.dir1.modified
1785433614|cdnserver|A|/web/consensus/egg.js/activity/57c8521-050.modified
1785433614|cdnserver|M|/web/consensus/activity/57c8521-051.dir1.modified
1785433614|cdnserver|A|/web/consensus/index.html/activity/57c8521-052.modified
1785433614|cdnserver|M|/web/consensus/activity/57c8521-053.dir1.modified
1785433614|cdnserver|A|/web/consensus/style.css/activity/57c8521-054.modified
1785433614|cdnserver|M|/web/consensus/activity/57c8521-055.dir1.modified
1785435441|cdnserver|A|/tests/test_consensus_web.py/activity/5770864-001.modified
1785435441|cdnserver|A|/web/consensus/admin.css/activity/5770864-002.modified
1785435441|cdnserver|M|/web/consensus/activity/5770864-003.dir1.modified
1785435441|cdnserver|A|/web/consensus/admin.html/activity/5770864-004.modified
1785435441|cdnserver|M|/web/consensus/activity/5770864-005.dir1.modified
1785435441|cdnserver|A|/web/consensus/admin.js/activity/5770864-006.modified
1785435441|cdnserver|M|/web/consensus/activity/5770864-007.dir1.modified
1785435441|cdnserver|A|/web/consensus/egg.css/activity/5770864-008.modified
1785435441|cdnserver|M|/web/consensus/activity/5770864-009.dir1.modified
1785435441|cdnserver|A|/web/consensus/egg.js/activity/5770864-010.modified
1785435441|cdnserver|M|/web/consensus/activity/5770864-011.dir1.modified
1785435441|cdnserver|A|/web/consensus/style.css/activity/5770864-012.modified
1785435441|cdnserver|M|/web/consensus/activity/5770864-013.dir1.modified
1785440367|cdnserver|A|/modules/consensus_web.py/activity/cbd7f23-001.modified
1785440367|cdnserver|A|/modules/consensus_web_auth.py/activity/cbd7f23-002.modified
1785440367|cdnserver|A|/modules/profile.py/activity/cbd7f23-003.modified
1785440367|cdnserver|A|/persistence/schema.py/activity/cbd7f23-004.modified
1785440367|cdnserver|A|/persistence/web_auth_repository.py/activity/cbd7f23-005.added
1785440367|cdnserver|A|/_root/storage.py/activity/cbd7f23-006.modified
1785440367|cdnserver|A|/tests/test_consensus_web.py/activity/cbd7f23-007.modified
1785440367|cdnserver|A|/tests/test_profile.py/activity/cbd7f23-008.modified
1785440367|cdnserver|A|/tests/test_web_auth_repository.py/activity/cbd7f23-009.added
1785440367|cdnserver|A|/web/consensus/admin.css/activity/cbd7f23-010.modified
1785440367|cdnserver|M|/web/consensus/activity/cbd7f23-011.dir1.modified
1785440367|cdnserver|A|/web/consensus/admin.html/activity/cbd7f23-012.modified
1785440367|cdnserver|M|/web/consensus/activity/cbd7f23-013.dir1.modified
1785440367|cdnserver|A|/web/consensus/admin.js/activity/cbd7f23-014.modified
1785440367|cdnserver|M|/web/consensus/activity/cbd7f23-015.dir1.modified
1785440367|cdnserver|A|/web/consensus/app.js/activity/cbd7f23-016.modified
1785440367|cdnserver|M|/web/consensus/activity/cbd7f23-017.dir1.modified
1785440367|cdnserver|A|/web/consensus/index.html/activity/cbd7f23-018.modified
1785440367|cdnserver|M|/web/consensus/activity/cbd7f23-019.dir1.modified
1785440367|cdnserver|A|/web/consensus/login.css/activity/cbd7f23-020.added
1785440367|cdnserver|M|/web/consensus/activity/cbd7f23-021.dir1.added
1785440367|cdnserver|A|/web/consensus/login.html/activity/cbd7f23-022.added
1785440367|cdnserver|M|/web/consensus/activity/cbd7f23-023.dir1.added
1785440367|cdnserver|A|/web/consensus/login.js/activity/cbd7f23-024.added
1785440367|cdnserver|M|/web/consensus/activity/cbd7f23-025.dir1.added
1785440367|cdnserver|A|/web/consensus/style.css/activity/cbd7f23-026.modified
1785440367|cdnserver|M|/web/consensus/activity/cbd7f23-027.dir1.modified
1785442163|cdnserver|A|/tests/test_consensus_web.py/activity/46a2654-001.modified
1785442163|cdnserver|A|/web/consensus/admin.css/activity/46a2654-002.modified
1785442163|cdnserver|M|/web/consensus/activity/46a2654-003.dir1.modified
1785442163|cdnserver|A|/web/consensus/admin.html/activity/46a2654-004.modified
1785442163|cdnserver|M|/web/consensus/activity/46a2654-005.dir1.modified
1785442163|cdnserver|A|/web/consensus/admin.js/activity/46a2654-006.modified
1785442163|cdnserver|M|/web/consensus/activity/46a2654-007.dir1.modified
1785442163|cdnserver|A|/web/consensus/app.js/activity/46a2654-008.modified
1785442163|cdnserver|M|/web/consensus/activity/46a2654-009.dir1.modified
1785442163|cdnserver|A|/web/consensus/index.html/activity/46a2654-010.modified
1785442163|cdnserver|M|/web/consensus/activity/46a2654-011.dir1.modified
1785442163|cdnserver|A|/web/consensus/style.css/activity/46a2654-012.modified
1785442163|cdnserver|M|/web/consensus/activity/46a2654-013.dir1.modified
1785491680|cdnserver|A|/_root/README_RU.md/activity/3916a88-001.modified
1785491680|cdnserver|A|/_root/configure_minecraft_windows.ps1/activity/3916a88-002.added
1785491680|cdnserver|A|/_root/docker-compose.yml/activity/3916a88-003.modified
1785491680|cdnserver|A|/gitbook/SUMMARY.md/activity/3916a88-004.modified
1785491680|cdnserver|A|/gitbook/changelog/2026-07-31.md/activity/3916a88-005.added
1785491680|cdnserver|M|/gitbook/changelog/activity/3916a88-006.dir1.added
1785491680|cdnserver|A|/gitbook/changelog/README.md/activity/3916a88-007.modified
1785491680|cdnserver|M|/gitbook/changelog/activity/3916a88-008.dir1.modified
1785491680|cdnserver|A|/gitbook/consensus/web-panel.md/activity/3916a88-009.modified
1785491680|cdnserver|M|/gitbook/consensus/activity/3916a88-010.dir1.modified
1785491680|cdnserver|A|/_root/run_windows.bat/activity/3916a88-011.modified
1785493191|cdnserver|A|/_root/docker-compose.yml/activity/3a1fa50-001.modified
1785513444|cdnserver|A|/_root/docker-compose.yml/activity/c723f55-001.modified
1785514008|cdnserver|A|/_root/docker-compose.yml/activity/9436f4b-001.modified
1785618783|cdnserver|A|/_root/.dockerignore/activity/354b1c7-001.modified
1785618783|cdnserver|A|/_root/.env.persistent.example/activity/354b1c7-002.modified
1785618783|cdnserver|A|/_root/Caddyfile/activity/354b1c7-003.modified
1785618783|cdnserver|A|/_root/README_RU.md/activity/354b1c7-004.modified
1785618783|cdnserver|A|/_root/configure_direct_web_windows.ps1/activity/354b1c7-005.modified
1785618783|cdnserver|A|/_root/docker-compose.yml/activity/354b1c7-006.modified
1785618783|cdnserver|A|/gitbook/SUMMARY.md/activity/354b1c7-007.modified
1785618783|cdnserver|A|/gitbook/changelog/2026-08-01.md/activity/354b1c7-008.added
1785618783|cdnserver|M|/gitbook/changelog/activity/354b1c7-009.dir1.added
1785618783|cdnserver|A|/gitbook/changelog/README.md/activity/354b1c7-010.modified
1785618783|cdnserver|M|/gitbook/changelog/activity/354b1c7-011.dir1.modified
1785618783|cdnserver|A|/gitbook/consensus/web-panel.md/activity/354b1c7-012.modified
1785618783|cdnserver|M|/gitbook/consensus/activity/354b1c7-013.dir1.modified
1785618783|cdnserver|A|/_root/main.py/activity/354b1c7-014.modified
1785618783|cdnserver|A|/minecraft-supervisor/Dockerfile/activity/354b1c7-015.added
1785618783|cdnserver|A|/minecraft-supervisor/supervisor.py/activity/354b1c7-016.added
1785618783|cdnserver|A|/modules/consensus_admin_web.py/activity/354b1c7-017.modified
1785618783|cdnserver|A|/modules/consensus_web.py/activity/354b1c7-018.modified
1785618783|cdnserver|A|/modules/consensus_web_auth.py/activity/354b1c7-019.modified
1785618783|cdnserver|A|/modules/minecraft_control.py/activity/354b1c7-020.added
1785618783|cdnserver|A|/modules/minecraft_files.py/activity/354b1c7-021.added
1785618783|cdnserver|A|/modules/profile.py/activity/354b1c7-022.modified
1785618783|cdnserver|A|/modules/reactor_legislation.py/activity/354b1c7-023.added
1785618783|cdnserver|A|/modules/reactor_web.py/activity/354b1c7-024.added
1785618783|cdnserver|A|/modules/web_snapshot_cache.py/activity/354b1c7-025.added
1785618783|cdnserver|A|/persistence/reactor_repository.py/activity/354b1c7-026.added
1785618783|cdnserver|A|/persistence/schema.py/activity/354b1c7-027.modified
1785618783|cdnserver|A|/persistence/web_auth_repository.py/activity/354b1c7-028.modified
1785618783|cdnserver|A|/_root/run_windows.bat/activity/354b1c7-029.modified
1785618783|cdnserver|A|/_root/storage.py/activity/354b1c7-030.modified
1785618783|cdnserver|A|/tests/test_consensus_web.py/activity/354b1c7-031.modified
1785618783|cdnserver|A|/tests/test_minecraft_control.py/activity/354b1c7-032.added
1785618783|cdnserver|A|/tests/test_minecraft_files.py/activity/354b1c7-033.added
1785618783|cdnserver|A|/tests/test_minecraft_supervisor.py/activity/354b1c7-034.added
1785618783|cdnserver|A|/tests/test_profile.py/activity/354b1c7-035.modified
1785618783|cdnserver|A|/tests/test_reactor_legislation.py/activity/354b1c7-036.added
1785618783|cdnserver|A|/tests/test_reactor_repository.py/activity/354b1c7-037.added
1785618783|cdnserver|A|/tests/test_web_auth_repository.py/activity/354b1c7-038.modified
1785618783|cdnserver|A|/tests/test_web_snapshot_cache.py/activity/354b1c7-039.added
1785618783|cdnserver|A|/tests/test_windows_consensus_launcher.py/activity/354b1c7-040.modified
1785618783|cdnserver|A|/web/consensus/admin.css/activity/354b1c7-041.modified
1785618783|cdnserver|M|/web/consensus/activity/354b1c7-042.dir1.modified
1785618783|cdnserver|A|/web/consensus/admin.html/activity/354b1c7-043.modified
1785618783|cdnserver|M|/web/consensus/activity/354b1c7-044.dir1.modified
1785618783|cdnserver|A|/web/consensus/admin.js/activity/354b1c7-045.modified
1785618783|cdnserver|M|/web/consensus/activity/354b1c7-046.dir1.modified
1785618783|cdnserver|A|/web/consensus/app.js/activity/354b1c7-047.modified
1785618783|cdnserver|M|/web/consensus/activity/354b1c7-048.dir1.modified
1785618783|cdnserver|A|/web/consensus/egg.html/activity/354b1c7-049.modified
1785618783|cdnserver|M|/web/consensus/activity/354b1c7-050.dir1.modified
1785618783|cdnserver|A|/web/consensus/favicon.svg/activity/354b1c7-051.added
1785618783|cdnserver|M|/web/consensus/activity/354b1c7-052.dir1.added
1785618783|cdnserver|A|/web/consensus/index.html/activity/354b1c7-053.modified
1785618783|cdnserver|M|/web/consensus/activity/354b1c7-054.dir1.modified
1785618783|cdnserver|A|/web/consensus/login.html/activity/354b1c7-055.modified
1785618783|cdnserver|M|/web/consensus/activity/354b1c7-056.dir1.modified
1785618783|cdnserver|A|/web/consensus/login.js/activity/354b1c7-057.modified
1785618783|cdnserver|M|/web/consensus/activity/354b1c7-058.dir1.modified
1785618783|cdnserver|A|/web/consensus/portal.css/activity/354b1c7-059.added
1785618783|cdnserver|M|/web/consensus/activity/354b1c7-060.dir1.added
1785618783|cdnserver|A|/web/consensus/portal.html/activity/354b1c7-061.added
1785618783|cdnserver|M|/web/consensus/activity/354b1c7-062.dir1.added
1785618783|cdnserver|A|/web/consensus/portal.js/activity/354b1c7-063.added
1785618783|cdnserver|M|/web/consensus/activity/354b1c7-064.dir1.added
1785618783|cdnserver|A|/web/consensus/reactor.js/activity/354b1c7-065.added
1785618783|cdnserver|M|/web/consensus/activity/354b1c7-066.dir1.added
1785618783|cdnserver|A|/web/consensus/tab-signal.js/activity/354b1c7-067.added
1785618783|cdnserver|M|/web/consensus/activity/354b1c7-068.dir1.added
1785618995|cdnserver|A|/_root/run_windows.bat/activity/d65f42d-001.modified
1785618995|cdnserver|A|/tests/test_windows_consensus_launcher.py/activity/d65f42d-002.modified
1785619549|cdnserver|A|/_root/ensure_minecraft_secrets_windows.ps1/activity/e16afba-001.added
1785619549|cdnserver|A|/_root/run_windows.bat/activity/e16afba-002.modified
1785619549|cdnserver|A|/tests/test_windows_consensus_launcher.py/activity/e16afba-003.modified
1785625684|cdnserver|A|/_root/.dockerignore/activity/3bd2cf2-001.modified
1785625684|cdnserver|A|/_root/.env.example/activity/3bd2cf2-002.modified
1785625684|cdnserver|A|/_root/.env.persistent.example/activity/3bd2cf2-003.modified
1785625684|cdnserver|A|/_root/.gitignore/activity/3bd2cf2-004.modified
1785625684|cdnserver|A|/_root/Caddyfile/activity/3bd2cf2-005.modified
1785625684|cdnserver|A|/_root/README_RU.md/activity/3bd2cf2-006.modified
1785625684|cdnserver|A|/_root/configure_browser_stream_windows.ps1/activity/3bd2cf2-007.deleted
1785625684|cdnserver|A|/_root/configure_direct_web_windows.ps1/activity/3bd2cf2-008.modified
1785625684|cdnserver|A|/discord-browser-stream/.dockerignore/activity/3bd2cf2-009.deleted
1785625684|cdnserver|A|/discord-browser-stream/.env.example/activity/3bd2cf2-010.deleted
1785625684|cdnserver|A|/discord-browser-stream/.gitignore/activity/3bd2cf2-011.deleted
1785625684|cdnserver|A|/discord-browser-stream/Dockerfile/activity/3bd2cf2-012.deleted
1785625684|cdnserver|A|/discord-browser-stream/README.md/activity/3bd2cf2-013.deleted
1785625684|cdnserver|A|/discord-browser-stream/docker-compose.yml/activity/3bd2cf2-014.deleted
1785625684|cdnserver|A|/discord-browser-stream/docker-entrypoint.sh/activity/3bd2cf2-015.deleted
1785625684|cdnserver|A|/discord-browser-stream/package.json/activity/3bd2cf2-016.deleted
1785625684|cdnserver|A|/discord-browser-stream/pnpm-lock.yaml/activity/3bd2cf2-017.deleted
1785625684|cdnserver|A|/discord-browser-stream/pnpm-workspace.yaml/activity/3bd2cf2-018.deleted
1785625684|cdnserver|A|/discord-browser-stream/scripts/patch-discord-video-stream.mjs/activity/3bd2cf2-019.deleted
1785625684|cdnserver|M|/discord-browser-stream/scripts/activity/3bd2cf2-020.dir1.deleted
1785625684|cdnserver|A|/discord-browser-stream/scripts/patch-puppeteer-stream.mjs/activity/3bd2cf2-021.deleted
1785625684|cdnserver|M|/discord-browser-stream/scripts/activity/3bd2cf2-022.dir1.deleted
1785625684|cdnserver|A|/discord-browser-stream/src/index.js/activity/3bd2cf2-023.deleted
1785625684|cdnserver|M|/discord-browser-stream/src/activity/3bd2cf2-024.dir1.deleted
1785625684|cdnserver|A|/discord-browser-stream/src/lifecycle.js/activity/3bd2cf2-025.deleted
1785625684|cdnserver|M|/discord-browser-stream/src/activity/3bd2cf2-026.dir1.deleted
1785625684|cdnserver|A|/discord-browser-stream/test/dependency-patch.test.js/activity/3bd2cf2-027.deleted
1785625684|cdnserver|M|/discord-browser-stream/test/activity/3bd2cf2-028.dir1.deleted
1785625684|cdnserver|A|/discord-browser-stream/test/lifecycle.test.js/activity/3bd2cf2-029.deleted
1785625684|cdnserver|M|/discord-browser-stream/test/activity/3bd2cf2-030.dir1.deleted
1785625684|cdnserver|A|/_root/docker-compose.yml/activity/3bd2cf2-031.modified
1785625684|cdnserver|A|/gitbook/SUMMARY.md/activity/3bd2cf2-032.modified
1785625684|cdnserver|A|/gitbook/changelog/2026-07-29.md/activity/3bd2cf2-033.modified
1785625684|cdnserver|M|/gitbook/changelog/activity/3bd2cf2-034.dir1.modified
1785625684|cdnserver|A|/gitbook/changelog/2026-07-30.md/activity/3bd2cf2-035.modified
1785625684|cdnserver|M|/gitbook/changelog/activity/3bd2cf2-036.dir1.modified
1785625684|cdnserver|A|/gitbook/changelog/2026-08-02.md/activity/3bd2cf2-037.added
1785625684|cdnserver|M|/gitbook/changelog/activity/3bd2cf2-038.dir1.added
1785625684|cdnserver|A|/gitbook/changelog/README.md/activity/3bd2cf2-039.modified
1785625684|cdnserver|M|/gitbook/changelog/activity/3bd2cf2-040.dir1.modified
1785625684|cdnserver|A|/gitbook/consensus/web-panel.md/activity/3bd2cf2-041.modified
1785625684|cdnserver|M|/gitbook/consensus/activity/3bd2cf2-042.dir1.modified
1785625684|cdnserver|A|/_root/main.py/activity/3bd2cf2-043.modified
1785625684|cdnserver|A|/modules/browser_stream.py/activity/3bd2cf2-044.deleted
1785625684|cdnserver|A|/modules/consensus_admin_web.py/activity/3bd2cf2-045.modified
1785625684|cdnserver|A|/modules/consensus_web.py/activity/3bd2cf2-046.modified
1785625684|cdnserver|A|/modules/reactor_web.py/activity/3bd2cf2-047.modified
1785625684|cdnserver|A|/_root/run_windows.bat/activity/3bd2cf2-048.modified
1785625684|cdnserver|A|/tests/test_browser_stream.py/activity/3bd2cf2-049.deleted
1785625684|cdnserver|A|/tests/test_consensus_web.py/activity/3bd2cf2-050.modified
1785625684|cdnserver|A|/tests/test_windows_consensus_launcher.py/activity/3bd2cf2-051.modified
1785625684|cdnserver|A|/web/consensus/admin.css/activity/3bd2cf2-052.modified
1785625684|cdnserver|M|/web/consensus/activity/3bd2cf2-053.dir1.modified
1785625684|cdnserver|A|/web/consensus/admin.html/activity/3bd2cf2-054.modified
1785625684|cdnserver|M|/web/consensus/activity/3bd2cf2-055.dir1.modified
1785625684|cdnserver|A|/web/consensus/admin.js/activity/3bd2cf2-056.modified
1785625684|cdnserver|M|/web/consensus/activity/3bd2cf2-057.dir1.modified
1785625684|cdnserver|A|/web/consensus/app.js/activity/3bd2cf2-058.modified
1785625684|cdnserver|M|/web/consensus/activity/3bd2cf2-059.dir1.modified
1785625684|cdnserver|A|/web/consensus/manrope-cyrillic.woff2/activity/3bd2cf2-060.added
1785625684|cdnserver|M|/web/consensus/activity/3bd2cf2-061.dir1.added
1785625684|cdnserver|A|/web/consensus/manrope-latin.woff2/activity/3bd2cf2-062.added
1785625684|cdnserver|M|/web/consensus/activity/3bd2cf2-063.dir1.added
1785625684|cdnserver|A|/web/consensus/portal-theme.css/activity/3bd2cf2-064.added
1785625684|cdnserver|M|/web/consensus/activity/3bd2cf2-065.dir1.added
1785625684|cdnserver|A|/web/consensus/portal.html/activity/3bd2cf2-066.modified
1785625684|cdnserver|M|/web/consensus/activity/3bd2cf2-067.dir1.modified
1785625684|cdnserver|A|/web/consensus/portal.js/activity/3bd2cf2-068.modified
1785625684|cdnserver|M|/web/consensus/activity/3bd2cf2-069.dir1.modified
1785625684|cdnserver|A|/web/consensus/reactor.js/activity/3bd2cf2-070.modified
1785625684|cdnserver|M|/web/consensus/activity/3bd2cf2-071.dir1.modified
1785625684|cdnserver|A|/web/consensus/source-serif-cyrillic.woff2/activity/3bd2cf2-072.added
1785625684|cdnserver|M|/web/consensus/activity/3bd2cf2-073.dir1.added
1785625684|cdnserver|A|/web/consensus/source-serif-latin.woff2/activity/3bd2cf2-074.added
1785625684|cdnserver|M|/web/consensus/activity/3bd2cf2-075.dir1.added
1785625684|cdnserver|A|/web/consensus/unbounded-cyrillic.woff2/activity/3bd2cf2-076.added
1785625684|cdnserver|M|/web/consensus/activity/3bd2cf2-077.dir1.added
1785625684|cdnserver|A|/web/consensus/unbounded-latin.woff2/activity/3bd2cf2-078.added
1785625684|cdnserver|M|/web/consensus/activity/3bd2cf2-079.dir1.added
1785630104|cdnserver|A|/_root/.env.example/activity/04576ee-001.modified
1785630104|cdnserver|A|/_root/.env.persistent.example/activity/04576ee-002.modified
1785630104|cdnserver|A|/.github/workflows/quality.yml/activity/04576ee-003.modified
1785630104|cdnserver|M|/.github/workflows/activity/04576ee-004.dir1.modified
1785630104|cdnserver|A|/_root/Caddyfile/activity/04576ee-005.modified
1785630104|cdnserver|A|/_root/Dockerfile/activity/04576ee-006.modified
1785630104|cdnserver|A|/_root/docker-compose.yml/activity/04576ee-007.modified
1785630104|cdnserver|A|/_root/ensure_minecraft_secrets_windows.ps1/activity/04576ee-008.modified
1785630104|cdnserver|A|/gitbook/SUMMARY.md/activity/04576ee-009.modified
1785630104|cdnserver|A|/gitbook/changelog/2026-08-02.md/activity/04576ee-010.modified
1785630104|cdnserver|M|/gitbook/changelog/activity/04576ee-011.dir1.modified
1785630104|cdnserver|A|/gitbook/responsible/error-inbox.md/activity/04576ee-012.added
1785630104|cdnserver|M|/gitbook/responsible/activity/04576ee-013.dir1.added
1785630104|cdnserver|A|/_root/main.py/activity/04576ee-014.modified
1785630104|cdnserver|A|/minecraft-supervisor/supervisor.py/activity/04576ee-015.modified
1785630104|cdnserver|A|/modules/consensus_web.py/activity/04576ee-016.modified
1785630104|cdnserver|A|/modules/control_center.py/activity/04576ee-017.modified
1785630104|cdnserver|A|/modules/error_inbox.py/activity/04576ee-018.added
1785630104|cdnserver|A|/modules/finance.py/activity/04576ee-019.modified
1785630104|cdnserver|A|/modules/majestic_api.py/activity/04576ee-020.modified
1785630104|cdnserver|A|/modules/market.py/activity/04576ee-021.modified
1785630104|cdnserver|A|/modules/minecraft_control.py/activity/04576ee-022.modified
1785630104|cdnserver|A|/modules/profile.py/activity/04576ee-023.modified
1785630104|cdnserver|A|/modules/reactor_web.py/activity/04576ee-024.modified
1785630104|cdnserver|A|/modules/sgbureau.py/activity/04576ee-025.modified
1785630104|cdnserver|A|/modules/sgcontract.py/activity/04576ee-026.modified
1785630104|cdnserver|A|/modules/sgl_archive.py/activity/04576ee-027.modified
1785630104|cdnserver|A|/modules/sgl_archive_restore.py/activity/04576ee-028.modified
1785630104|cdnserver|A|/modules/technical_log.py/activity/04576ee-029.modified
1785630104|cdnserver|A|/modules/zigmund.py/activity/04576ee-030.modified
1785630104|cdnserver|A|/persistence/error_repository.py/activity/04576ee-031.added
1785630104|cdnserver|A|/persistence/schema.py/activity/04576ee-032.modified
1785630104|cdnserver|A|/_root/requirements.txt/activity/04576ee-033.modified
1785630104|cdnserver|A|/_root/run_windows.bat/activity/04576ee-034.modified
1785630104|cdnserver|A|/scripts/fetch_runtime_errors.py/activity/04576ee-035.added
1785630104|cdnserver|A|/_root/storage.py/activity/04576ee-036.modified
1785630104|cdnserver|A|/tests/test_consensus_web.py/activity/04576ee-037.modified
1785630104|cdnserver|A|/tests/test_craft_ui.py/activity/04576ee-038.modified
1785630104|cdnserver|A|/tests/test_error_inbox.py/activity/04576ee-039.added
1785630104|cdnserver|A|/tests/test_majestic_api.py/activity/04576ee-040.modified
1785630104|cdnserver|A|/tests/test_market.py/activity/04576ee-041.modified
1785630104|cdnserver|A|/tests/test_minecraft_control.py/activity/04576ee-042.modified
1785630104|cdnserver|A|/tests/test_minecraft_supervisor.py/activity/04576ee-043.modified
1785630104|cdnserver|A|/tests/test_module_boundaries.py/activity/04576ee-044.modified
1785630104|cdnserver|A|/tests/test_profile.py/activity/04576ee-045.modified
1785630104|cdnserver|A|/tests/test_tvrs_universality.py/activity/04576ee-046.modified
1785630104|cdnserver|A|/tests/test_web_assets.py/activity/04576ee-047.added
1785630104|cdnserver|A|/tests/test_windows_consensus_launcher.py/activity/04576ee-048.modified
1785630104|cdnserver|A|/web/consensus/admin.css/activity/04576ee-049.modified
1785630104|cdnserver|M|/web/consensus/activity/04576ee-050.dir1.modified
1785630104|cdnserver|A|/web/consensus/admin.html/activity/04576ee-051.modified
1785630104|cdnserver|M|/web/consensus/activity/04576ee-052.dir1.modified
1785630104|cdnserver|A|/web/consensus/app.js/activity/04576ee-053.modified
1785630104|cdnserver|M|/web/consensus/activity/04576ee-054.dir1.modified
1785630104|cdnserver|A|/web/consensus/fonts.css/activity/04576ee-055.added
1785630104|cdnserver|M|/web/consensus/activity/04576ee-056.dir1.added
1785630104|cdnserver|A|/web/consensus/index.html/activity/04576ee-057.modified
1785630104|cdnserver|M|/web/consensus/activity/04576ee-058.dir1.modified
1785630104|cdnserver|A|/web/consensus/login.css/activity/04576ee-059.modified
1785630104|cdnserver|M|/web/consensus/activity/04576ee-060.dir1.modified
1785630104|cdnserver|A|/web/consensus/login.html/activity/04576ee-061.modified
1785630104|cdnserver|M|/web/consensus/activity/04576ee-062.dir1.modified
1785630104|cdnserver|A|/web/consensus/reactor.js/activity/04576ee-063.modified
1785630104|cdnserver|M|/web/consensus/activity/04576ee-064.dir1.modified
1785630104|cdnserver|A|/web/consensus/style.css/activity/04576ee-065.modified
1785630104|cdnserver|M|/web/consensus/activity/04576ee-066.dir1.modified
1785630679|cdnserver|A|/_root/docker-compose.yml/activity/d61125d-001.modified
1785630679|cdnserver|A|/gitbook/changelog/2026-08-02.md/activity/d61125d-002.modified
1785630679|cdnserver|M|/gitbook/changelog/activity/d61125d-003.dir1.modified
1785630679|cdnserver|A|/_root/main.py/activity/d61125d-004.modified
1785630679|cdnserver|A|/tests/test_windows_consensus_launcher.py/activity/d61125d-005.modified
1785631223|cdnserver|A|/_root/docker-compose.yml/activity/aa4f1ba-001.modified
1785631223|cdnserver|A|/gitbook/changelog/2026-08-02.md/activity/aa4f1ba-002.modified
1785631223|cdnserver|M|/gitbook/changelog/activity/aa4f1ba-003.dir1.modified
1785631223|cdnserver|A|/tests/test_windows_consensus_launcher.py/activity/aa4f1ba-004.modified
1785667128|cdnserver|A|/gitbook/changelog/2026-08-02.md/activity/54d9ed5-001.modified
1785667128|cdnserver|M|/gitbook/changelog/activity/54d9ed5-002.dir1.modified
1785667128|cdnserver|A|/modules/minecraft_files.py/activity/54d9ed5-003.modified
1785667128|cdnserver|A|/modules/reactor_web.py/activity/54d9ed5-004.modified
1785667128|cdnserver|A|/persistence/admin_dashboard_repository.py/activity/54d9ed5-005.modified
1785667128|cdnserver|A|/persistence/bill_workspace_repository.py/activity/54d9ed5-006.modified
1785667128|cdnserver|A|/persistence/core.py/activity/54d9ed5-007.modified
1785667128|cdnserver|A|/persistence/craft_repository.py/activity/54d9ed5-008.modified
1785667128|cdnserver|A|/persistence/finance_repository.py/activity/54d9ed5-009.modified
1785667128|cdnserver|A|/persistence/market_repository.py/activity/54d9ed5-010.modified
1785667128|cdnserver|A|/persistence/outbox_repository.py/activity/54d9ed5-011.modified
1785667128|cdnserver|A|/persistence/profile_repository.py/activity/54d9ed5-012.modified
1785667128|cdnserver|A|/persistence/reactor_repository.py/activity/54d9ed5-013.modified
1785667128|cdnserver|A|/persistence/tvrs_repository.py/activity/54d9ed5-014.modified
1785667128|cdnserver|A|/persistence/web_auth_repository.py/activity/54d9ed5-015.modified
1785667128|cdnserver|A|/tests/test_minecraft_files.py/activity/54d9ed5-016.modified
1785667128|cdnserver|A|/tests/test_reactor_repository.py/activity/54d9ed5-017.modified
1785668459|cdnserver|A|/modules/consensus_admin_web.py/activity/d7ce18b-001.modified
1785668459|cdnserver|A|/persistence/schema.py/activity/d7ce18b-002.modified
1785668459|cdnserver|A|/persistence/web_auth_repository.py/activity/d7ce18b-003.modified
1785668459|cdnserver|A|/web/consensus/admin.html/activity/d7ce18b-004.modified
1785668459|cdnserver|M|/web/consensus/activity/d7ce18b-005.dir1.modified
1785668459|cdnserver|A|/web/consensus/admin.js/activity/d7ce18b-006.modified
1785668459|cdnserver|M|/web/consensus/activity/d7ce18b-007.dir1.modified
1785669663|cdnserver|A|/modules/consensus_admin_web.py/activity/9b13362-001.modified
1785669663|cdnserver|A|/modules/reactor_web.py/activity/9b13362-002.modified
1785669663|cdnserver|A|/persistence/web_auth_repository.py/activity/9b13362-003.modified
1785669663|cdnserver|A|/tests/test_consensus_web.py/activity/9b13362-004.modified
1785669663|cdnserver|A|/web/consensus/admin.js/activity/9b13362-005.modified
1785669663|cdnserver|M|/web/consensus/activity/9b13362-006.dir1.modified
1785749781|cdnserver|A|/modules/consensus_admin_web.py/activity/29748dc-001.modified
1785749781|cdnserver|A|/modules/consensus_core.py/activity/29748dc-002.modified
1785749781|cdnserver|A|/modules/consensus_health.py/activity/29748dc-003.modified
1785749781|cdnserver|A|/modules/consensus_operational.py/activity/29748dc-004.modified
1785749781|cdnserver|A|/modules/consensus_recovery_plan.py/activity/29748dc-005.modified
1785749781|cdnserver|A|/modules/consensus_service.py/activity/29748dc-006.modified
1785749781|cdnserver|A|/modules/consensus_simulator.py/activity/29748dc-007.modified
1785749781|cdnserver|A|/modules/consensus_v3.py/activity/29748dc-008.modified
1785749781|cdnserver|A|/modules/consensus_web.py/activity/29748dc-009.modified
1785749781|cdnserver|A|/modules/consensus_web_control.py/activity/29748dc-010.modified
1785749781|cdnserver|A|/modules/tvrs_consensus_admin.py/activity/29748dc-011.modified
1785749781|cdnserver|A|/modules/tvrs_consensus_portal.py/activity/29748dc-012.modified
1785749781|cdnserver|A|/modules/tvrs_consensus_views.py/activity/29748dc-013.modified
1785749781|cdnserver|A|/modules/tvrs_control.py/activity/29748dc-014.modified
1785749781|cdnserver|A|/modules/tvrs_delivery.py/activity/29748dc-015.modified
1785749781|cdnserver|A|/modules/tvrs_presentation.py/activity/29748dc-016.modified
1785749781|cdnserver|A|/modules/tvrs_recovery.py/activity/29748dc-017.modified
1785749781|cdnserver|A|/modules/tvrs_registration_gate.py/activity/29748dc-018.modified
1785749781|cdnserver|A|/modules/tvrs_vote_opening.py/activity/29748dc-019.added
1785749781|cdnserver|A|/persistence/tvrs_repository.py/activity/29748dc-020.modified
1785749781|cdnserver|A|/persistence/web_auth_repository.py/activity/29748dc-021.modified
1785749781|cdnserver|A|/tests/test_consensus_delivery_recovery.py/activity/29748dc-022.modified
1785749781|cdnserver|A|/tests/test_consensus_simulator.py/activity/29748dc-023.modified
1785749781|cdnserver|A|/tests/test_consensus_web.py/activity/29748dc-024.modified
1785749781|cdnserver|A|/tests/test_tvrs_architecture.py/activity/29748dc-025.modified
1785749781|cdnserver|A|/tests/test_web_auth_repository.py/activity/29748dc-026.modified
1785749781|cdnserver|A|/web/consensus/admin.css/activity/29748dc-027.modified
1785749781|cdnserver|M|/web/consensus/activity/29748dc-028.dir1.modified
1785749781|cdnserver|A|/web/consensus/admin.html/activity/29748dc-029.modified
1785749781|cdnserver|M|/web/consensus/activity/29748dc-030.dir1.modified
1785749781|cdnserver|A|/web/consensus/admin.js/activity/29748dc-031.modified
1785749781|cdnserver|M|/web/consensus/activity/29748dc-032.dir1.modified
1785749781|cdnserver|A|/web/consensus/app.js/activity/29748dc-033.modified
1785749781|cdnserver|M|/web/consensus/activity/29748dc-034.dir1.modified
1785749781|cdnserver|A|/web/consensus/reactor.js/activity/29748dc-035.modified
1785749781|cdnserver|M|/web/consensus/activity/29748dc-036.dir1.modified
1785799276|cdnserver|A|/_root/README.md/activity/0e94f32-001.added
1785839930|RDNProjects|A|/modules/tvrs_decision.py/activity/1ac5537-001.modified
1785839930|RDNProjects|A|/modules/tvrs_recovery.py/activity/1ac5537-002.modified
1785839930|RDNProjects|A|/_root/repair_cancel_finalizing_consensus_windows.bat/activity/1ac5537-003.added
1785839930|RDNProjects|A|/_root/repair_cancel_finalizing_consensus_windows.ps1/activity/1ac5537-004.added
1785856419|cdnserver|A|/modules/tvrs_recovery.py/activity/7e27e9a-001.modified
1785856419|cdnserver|A|/persistence/schema.py/activity/7e27e9a-002.modified
1785856419|cdnserver|A|/persistence/tvrs_repository.py/activity/7e27e9a-003.modified
1785856419|cdnserver|A|/tests/test_consensus_service.py/activity/7e27e9a-004.modified
1785869485|cdnserver|A|/gitbook/consensus/web-panel.md/activity/10c1db9-001.modified
1785869485|cdnserver|M|/gitbook/consensus/activity/10c1db9-002.dir1.modified
1785869485|cdnserver|A|/modules/consensus_finalization_recovery.py/activity/10c1db9-003.modified
1785869485|cdnserver|A|/modules/consensus_health.py/activity/10c1db9-004.modified
1785869485|cdnserver|A|/modules/consensus_web.py/activity/10c1db9-005.modified
1785869485|cdnserver|A|/modules/consensus_web_control.py/activity/10c1db9-006.modified
1785869485|cdnserver|A|/modules/tvrs_consensus_portal.py/activity/10c1db9-007.modified
1785869485|cdnserver|A|/modules/tvrs_recovery.py/activity/10c1db9-008.modified
1785869485|cdnserver|A|/tests/test_consensus_delivery_recovery.py/activity/10c1db9-009.modified
1785869485|cdnserver|A|/tests/test_consensus_service.py/activity/10c1db9-010.modified
1785869485|cdnserver|A|/tests/test_consensus_v3.py/activity/10c1db9-011.modified
1785869485|cdnserver|A|/tests/test_consensus_web.py/activity/10c1db9-012.modified
1785869485|cdnserver|A|/web/consensus/app.js/activity/10c1db9-013.modified
1785869485|cdnserver|M|/web/consensus/activity/10c1db9-014.dir1.modified
1785869485|cdnserver|A|/web/consensus/index.html/activity/10c1db9-015.modified
1785869485|cdnserver|M|/web/consensus/activity/10c1db9-016.dir1.modified
1785869485|cdnserver|A|/web/consensus/style.css/activity/10c1db9-017.modified
1785869485|cdnserver|M|/web/consensus/activity/10c1db9-018.dir1.modified
1786189431|cdnserver|A|/_root/.env.example/activity/3303b71-001.modified
1786189431|cdnserver|A|/_root/.env.persistent.example/activity/3303b71-002.modified
1786189431|cdnserver|A|/_root/Caddyfile/activity/3303b71-003.modified
1786189431|cdnserver|A|/_root/configure_direct_web_windows.ps1/activity/3303b71-004.modified
1786189431|cdnserver|A|/_root/docker-compose.yml/activity/3303b71-005.modified
1786189431|cdnserver|A|/gitbook/SUMMARY.md/activity/3303b71-006.modified
1786189431|cdnserver|A|/gitbook/tools/atlas.md/activity/3303b71-007.added
1786189431|cdnserver|M|/gitbook/tools/activity/3303b71-008.dir1.added
1786189431|cdnserver|A|/gitbook/tools/games.md/activity/3303b71-009.added
1786189431|cdnserver|M|/gitbook/tools/activity/3303b71-010.dir1.added
1786189431|cdnserver|A|/modules/atlas_ai.py/activity/3303b71-011.added
1786189431|cdnserver|A|/modules/atlas_web.py/activity/3303b71-012.added
1786189431|cdnserver|A|/modules/consensus_admin_web.py/activity/3303b71-013.modified
1786189431|cdnserver|A|/modules/consensus_web.py/activity/3303b71-014.modified
1786189431|cdnserver|A|/modules/consensus_web_auth.py/activity/3303b71-015.modified
1786189431|cdnserver|A|/modules/games_engine.py/activity/3303b71-016.added
1786189431|cdnserver|A|/modules/games_web.py/activity/3303b71-017.added
1786189431|cdnserver|A|/persistence/atlas_repository.py/activity/3303b71-018.added
1786189431|cdnserver|A|/persistence/game_repository.py/activity/3303b71-019.added
1786189431|cdnserver|A|/persistence/reactor_repository.py/activity/3303b71-020.modified
1786189431|cdnserver|A|/persistence/schema.py/activity/3303b71-021.modified
1786189431|cdnserver|A|/persistence/web_auth_repository.py/activity/3303b71-022.modified
1786189431|cdnserver|A|/_root/requirements.txt/activity/3303b71-023.modified
1786189431|cdnserver|A|/tests/test_atlas.py/activity/3303b71-024.added
1786189431|cdnserver|A|/tests/test_games.py/activity/3303b71-025.added
1786189431|cdnserver|A|/tests/test_web_assets.py/activity/3303b71-026.modified
1786189431|cdnserver|A|/tests/test_windows_consensus_launcher.py/activity/3303b71-027.modified
1786189431|cdnserver|A|/web/atlas/app.js/activity/3303b71-028.added
1786189431|cdnserver|M|/web/atlas/activity/3303b71-029.dir1.added
1786189431|cdnserver|A|/web/atlas/favicon.svg/activity/3303b71-030.added
1786189431|cdnserver|M|/web/atlas/activity/3303b71-031.dir1.added
1786189431|cdnserver|A|/web/atlas/index.html/activity/3303b71-032.added
1786189431|cdnserver|M|/web/atlas/activity/3303b71-033.dir1.added
1786189431|cdnserver|A|/web/atlas/style.css/activity/3303b71-034.added
1786189431|cdnserver|M|/web/atlas/activity/3303b71-035.dir1.added
1786189431|cdnserver|A|/web/consensus/admin.html/activity/3303b71-036.modified
1786189431|cdnserver|M|/web/consensus/activity/3303b71-037.dir1.modified
1786189431|cdnserver|A|/web/consensus/admin.js/activity/3303b71-038.modified
1786189431|cdnserver|M|/web/consensus/activity/3303b71-039.dir1.modified
1786189431|cdnserver|A|/web/consensus/games.css/activity/3303b71-040.added
1786189431|cdnserver|M|/web/consensus/activity/3303b71-041.dir1.added
1786189431|cdnserver|A|/web/consensus/games.html/activity/3303b71-042.added
1786189431|cdnserver|M|/web/consensus/activity/3303b71-043.dir1.added
1786189431|cdnserver|A|/web/consensus/games.js/activity/3303b71-044.added
1786189431|cdnserver|M|/web/consensus/activity/3303b71-045.dir1.added
1786189431|cdnserver|A|/web/consensus/login.js/activity/3303b71-046.modified
1786189431|cdnserver|M|/web/consensus/activity/3303b71-047.dir1.modified
1786189431|cdnserver|A|/web/consensus/portal.css/activity/3303b71-048.modified
1786189431|cdnserver|M|/web/consensus/activity/3303b71-049.dir1.modified
1786189431|cdnserver|A|/web/consensus/portal.html/activity/3303b71-050.modified
1786189431|cdnserver|M|/web/consensus/activity/3303b71-051.dir1.modified
1786189431|cdnserver|A|/web/consensus/portal.js/activity/3303b71-052.modified
1786189431|cdnserver|M|/web/consensus/activity/3303b71-053.dir1.modified
1786190296|cdnserver|A|/web/atlas/index.html/activity/1dd56c4-001.modified
1786190296|cdnserver|M|/web/atlas/activity/1dd56c4-002.dir1.modified
1786192176|cdnserver|A|/gitbook/tools/games.md/activity/b11a793-001.modified
1786192176|cdnserver|M|/gitbook/tools/activity/b11a793-002.dir1.modified
1786192176|cdnserver|A|/tests/test_games.py/activity/b11a793-003.modified
1786192176|cdnserver|A|/tests/test_web_assets.py/activity/b11a793-004.modified
1786192176|cdnserver|A|/web/consensus/games.css/activity/b11a793-005.modified
1786192176|cdnserver|M|/web/consensus/activity/b11a793-006.dir1.modified
1786192176|cdnserver|A|/web/consensus/games.html/activity/b11a793-007.modified
1786192176|cdnserver|M|/web/consensus/activity/b11a793-008.dir1.modified
1786192176|cdnserver|A|/web/consensus/games.js/activity/b11a793-009.modified
1786192176|cdnserver|M|/web/consensus/activity/b11a793-010.dir1.modified
1786192176|cdnserver|A|/web/consensus/portal.css/activity/b11a793-011.modified
1786192176|cdnserver|M|/web/consensus/activity/b11a793-012.dir1.modified
1786192176|cdnserver|A|/web/consensus/portal.html/activity/b11a793-013.modified
1786192176|cdnserver|M|/web/consensus/activity/b11a793-014.dir1.modified
1786192176|cdnserver|A|/web/consensus/portal.js/activity/b11a793-015.modified
1786192176|cdnserver|M|/web/consensus/activity/b11a793-016.dir1.modified
1786205533|cdnserver|A|/_root/.env.example/activity/8f6749a-001.modified
1786205533|cdnserver|A|/_root/.env.persistent.example/activity/8f6749a-002.modified
1786205533|cdnserver|A|/_root/README_RU.md/activity/8f6749a-003.modified
1786205533|cdnserver|A|/gitbook/consensus/web-panel.md/activity/8f6749a-004.modified
1786205533|cdnserver|M|/gitbook/consensus/activity/8f6749a-005.dir1.modified
1786205533|cdnserver|A|/gitbook/start/roles-and-privacy.md/activity/8f6749a-006.modified
1786205533|cdnserver|M|/gitbook/start/activity/8f6749a-007.dir1.modified
1786205533|cdnserver|A|/gitbook/tools/atlas.md/activity/8f6749a-008.modified
1786205533|cdnserver|M|/gitbook/tools/activity/8f6749a-009.dir1.modified
1786205533|cdnserver|A|/_root/main.py/activity/8f6749a-010.modified
1786205533|cdnserver|A|/modules/admin_broadcast.py/activity/8f6749a-011.modified
1786205533|cdnserver|A|/modules/admin_domain_commands.py/activity/8f6749a-012.added
1786205533|cdnserver|A|/modules/atlas_ai.py/activity/8f6749a-013.modified
1786205533|cdnserver|A|/modules/atlas_catalog.py/activity/8f6749a-014.added
1786205533|cdnserver|A|/modules/atlas_knowledge.py/activity/8f6749a-015.added
1786205533|cdnserver|A|/modules/atlas_web.py/activity/8f6749a-016.modified
1786205533|cdnserver|A|/modules/consensus_admin_web.py/activity/8f6749a-017.modified
1786205533|cdnserver|A|/modules/consensus_schedule.py/activity/8f6749a-018.added
1786205533|cdnserver|A|/modules/consensus_simulator.py/activity/8f6749a-019.modified
1786205533|cdnserver|A|/modules/consensus_web.py/activity/8f6749a-020.modified
1786205533|cdnserver|A|/modules/consensus_web_auth.py/activity/8f6749a-021.modified
1786205533|cdnserver|A|/modules/consensus_web_control.py/activity/8f6749a-022.modified
1786205533|cdnserver|A|/modules/craft.py/activity/8f6749a-023.modified
1786205533|cdnserver|A|/modules/reliability.py/activity/8f6749a-024.added
1786205533|cdnserver|A|/modules/tvrs_consensus_portal.py/activity/8f6749a-025.modified
1786205533|cdnserver|A|/modules/tvrs_hub_views.py/activity/8f6749a-026.modified
1786205533|cdnserver|A|/modules/tvrs_presentation.py/activity/8f6749a-027.modified
1786205533|cdnserver|A|/persistence/atlas_repository.py/activity/8f6749a-028.modified
1786205533|cdnserver|A|/persistence/consensus_schedule_repository.py/activity/8f6749a-029.added
1786205533|cdnserver|A|/persistence/database_guard.py/activity/8f6749a-030.added
1786205533|cdnserver|A|/persistence/schema.py/activity/8f6749a-031.modified
1786205533|cdnserver|A|/_root/run_windows.bat/activity/8f6749a-032.modified
1786205533|cdnserver|A|/_root/safe_update_windows.ps1/activity/8f6749a-033.added
1786205533|cdnserver|A|/scripts/tmod_db_guard.py/activity/8f6749a-034.added
1786205533|cdnserver|A|/_root/start_tmod_windows.bat/activity/8f6749a-035.modified
1786205533|cdnserver|A|/_root/storage.py/activity/8f6749a-036.modified
1786205533|cdnserver|A|/tests/test_atlas.py/activity/8f6749a-037.modified
1786205533|cdnserver|A|/tests/test_consensus_schedule.py/activity/8f6749a-038.added
1786205533|cdnserver|A|/tests/test_consensus_simulator.py/activity/8f6749a-039.modified
1786205533|cdnserver|A|/tests/test_consensus_web.py/activity/8f6749a-040.modified
1786205533|cdnserver|A|/tests/test_database_guard.py/activity/8f6749a-041.added
1786205533|cdnserver|A|/tests/test_reliability.py/activity/8f6749a-042.added
1786205533|cdnserver|A|/tests/test_windows_consensus_launcher.py/activity/8f6749a-043.modified
1786205533|cdnserver|A|/web/atlas/app.js/activity/8f6749a-044.modified
1786205533|cdnserver|M|/web/atlas/activity/8f6749a-045.dir1.modified
1786205533|cdnserver|A|/web/atlas/index.html/activity/8f6749a-046.modified
1786205533|cdnserver|M|/web/atlas/activity/8f6749a-047.dir1.modified
1786205533|cdnserver|A|/web/atlas/style.css/activity/8f6749a-048.modified
1786205533|cdnserver|M|/web/atlas/activity/8f6749a-049.dir1.modified
1786205533|cdnserver|A|/web/consensus/admin.css/activity/8f6749a-050.modified
1786205533|cdnserver|M|/web/consensus/activity/8f6749a-051.dir1.modified
1786205533|cdnserver|A|/web/consensus/admin.html/activity/8f6749a-052.modified
1786205533|cdnserver|M|/web/consensus/activity/8f6749a-053.dir1.modified
1786205533|cdnserver|A|/web/consensus/admin.js/activity/8f6749a-054.modified
1786205533|cdnserver|M|/web/consensus/activity/8f6749a-055.dir1.modified
1786205533|cdnserver|A|/web/consensus/app.js/activity/8f6749a-056.modified
1786205533|cdnserver|M|/web/consensus/activity/8f6749a-057.dir1.modified
1786205533|cdnserver|A|/web/consensus/chamber.css/activity/8f6749a-058.added
1786205533|cdnserver|M|/web/consensus/activity/8f6749a-059.dir1.added
1786205533|cdnserver|A|/web/consensus/index.html/activity/8f6749a-060.modified
1786205533|cdnserver|M|/web/consensus/activity/8f6749a-061.dir1.modified
1786205533|cdnserver|A|/web/consensus/login.html/activity/8f6749a-062.modified
1786205533|cdnserver|M|/web/consensus/activity/8f6749a-063.dir1.modified
1786205533|cdnserver|A|/web/consensus/style.css/activity/8f6749a-064.modified
1786205533|cdnserver|M|/web/consensus/activity/8f6749a-065.dir1.modified
1786206219|cdnserver|A|/_root/.env.example/activity/da14c38-001.modified
1786206219|cdnserver|A|/_root/.env.persistent.example/activity/da14c38-002.modified
1786206219|cdnserver|A|/gitbook/SUMMARY.md/activity/da14c38-003.modified
1786206219|cdnserver|A|/gitbook/changelog/2026-08-08.md/activity/da14c38-004.added
1786206219|cdnserver|M|/gitbook/changelog/activity/da14c38-005.dir1.added
1786206219|cdnserver|A|/gitbook/changelog/README.md/activity/da14c38-006.modified
1786206219|cdnserver|M|/gitbook/changelog/activity/da14c38-007.dir1.modified
1786206219|cdnserver|A|/_root/main.py/activity/da14c38-008.modified
1786206219|cdnserver|A|/persistence/database_guard.py/activity/da14c38-009.modified
1786206219|cdnserver|A|/tests/test_database_guard.py/activity/da14c38-010.modified
1786208267|cdnserver|A|/_root/docker-compose.yml/activity/0c99f4b-001.modified
1786208267|cdnserver|A|/gitbook/changelog/2026-08-08.md/activity/0c99f4b-002.modified
1786208267|cdnserver|M|/gitbook/changelog/activity/0c99f4b-003.dir1.modified
1786208267|cdnserver|A|/gitbook/tools/atlas.md/activity/0c99f4b-004.modified
1786208267|cdnserver|M|/gitbook/tools/activity/0c99f4b-005.dir1.modified
1786208267|cdnserver|A|/modules/atlas_ai.py/activity/0c99f4b-006.modified
1786208267|cdnserver|A|/modules/atlas_catalog.py/activity/0c99f4b-007.modified
1786208267|cdnserver|A|/modules/atlas_web.py/activity/0c99f4b-008.modified
1786208267|cdnserver|A|/modules/consensus_simulator.py/activity/0c99f4b-009.modified
1786208267|cdnserver|A|/modules/consensus_web_control.py/activity/0c99f4b-010.modified
1786208267|cdnserver|A|/persistence/atlas_repository.py/activity/0c99f4b-011.modified
1786208267|cdnserver|A|/persistence/schema.py/activity/0c99f4b-012.modified
1786208267|cdnserver|A|/tests/test_atlas.py/activity/0c99f4b-013.modified
1786208267|cdnserver|A|/tests/test_consensus_simulator.py/activity/0c99f4b-014.modified
1786208267|cdnserver|A|/tests/test_consensus_web.py/activity/0c99f4b-015.modified
1786208267|cdnserver|A|/tests/test_windows_consensus_launcher.py/activity/0c99f4b-016.modified
1786208267|cdnserver|A|/web/atlas/app.js/activity/0c99f4b-017.modified
1786208267|cdnserver|M|/web/atlas/activity/0c99f4b-018.dir1.modified
1786208267|cdnserver|A|/web/atlas/index.html/activity/0c99f4b-019.modified
1786208267|cdnserver|M|/web/atlas/activity/0c99f4b-020.dir1.modified
1786211250|cdnserver|A|/_root/.env.example/activity/594036d-001.modified
1786211250|cdnserver|A|/_root/.env.persistent.example/activity/594036d-002.modified
1786211250|cdnserver|A|/_root/docker-compose.yml/activity/594036d-003.modified
1786211250|cdnserver|A|/gitbook/changelog/2026-08-08.md/activity/594036d-004.modified
1786211250|cdnserver|M|/gitbook/changelog/activity/594036d-005.dir1.modified
1786211250|cdnserver|A|/gitbook/tools/atlas.md/activity/594036d-006.modified
1786211250|cdnserver|M|/gitbook/tools/activity/594036d-007.dir1.modified
1786211250|cdnserver|A|/modules/atlas_ai.py/activity/594036d-008.modified
1786211250|cdnserver|A|/modules/atlas_forum_sync.py/activity/594036d-009.added
1786211250|cdnserver|A|/modules/atlas_web.py/activity/594036d-010.modified
1786211250|cdnserver|A|/persistence/atlas_repository.py/activity/594036d-011.modified
1786211250|cdnserver|A|/persistence/schema.py/activity/594036d-012.modified
1786211250|cdnserver|A|/_root/requirements.txt/activity/594036d-013.modified
1786211250|cdnserver|A|/tests/test_atlas.py/activity/594036d-014.modified
1786211250|cdnserver|A|/tests/test_atlas_forum_sync.py/activity/594036d-015.added
1786211250|cdnserver|A|/web/atlas/app.js/activity/594036d-016.modified
1786211250|cdnserver|M|/web/atlas/activity/594036d-017.dir1.modified
1786211250|cdnserver|A|/web/atlas/index.html/activity/594036d-018.modified
1786211250|cdnserver|M|/web/atlas/activity/594036d-019.dir1.modified
1786211250|cdnserver|A|/web/atlas/style.css/activity/594036d-020.modified
1786211250|cdnserver|M|/web/atlas/activity/594036d-021.dir1.modified
1786212578|cdnserver|A|/gitbook/changelog/2026-08-08.md/activity/c61e993-001.modified
1786212578|cdnserver|M|/gitbook/changelog/activity/c61e993-002.dir1.modified
1786212578|cdnserver|A|/gitbook/tools/atlas.md/activity/c61e993-003.modified
1786212578|cdnserver|M|/gitbook/tools/activity/c61e993-004.dir1.modified
1786212578|cdnserver|A|/modules/atlas_ai.py/activity/c61e993-005.modified
1786212578|cdnserver|A|/modules/atlas_web.py/activity/c61e993-006.modified
1786212578|cdnserver|A|/persistence/atlas_repository.py/activity/c61e993-007.modified
1786212578|cdnserver|A|/tests/test_atlas.py/activity/c61e993-008.modified
1786212578|cdnserver|A|/web/atlas/app.js/activity/c61e993-009.modified
1786212578|cdnserver|M|/web/atlas/activity/c61e993-010.dir1.modified
1786212578|cdnserver|A|/web/atlas/index.html/activity/c61e993-011.modified
1786212578|cdnserver|M|/web/atlas/activity/c61e993-012.dir1.modified
1786212578|cdnserver|A|/web/atlas/style.css/activity/c61e993-013.modified
1786212578|cdnserver|M|/web/atlas/activity/c61e993-014.dir1.modified
1786212982|cdnserver|A|/_root/.env.example/activity/7c1b3bc-001.modified
1786212982|cdnserver|A|/_root/.env.persistent.example/activity/7c1b3bc-002.modified
1786212982|cdnserver|A|/_root/docker-compose.yml/activity/7c1b3bc-003.modified
1786212982|cdnserver|A|/modules/atlas_forum_sync.py/activity/7c1b3bc-004.modified
1786213895|cdnserver|A|/_root/.env.example/activity/2c82815-001.modified
1786213895|cdnserver|A|/_root/.env.persistent.example/activity/2c82815-002.modified
1786213895|cdnserver|A|/_root/docker-compose.yml/activity/2c82815-003.modified
1786213895|cdnserver|A|/gitbook/tools/atlas.md/activity/2c82815-004.modified
1786213895|cdnserver|M|/gitbook/tools/activity/2c82815-005.dir1.modified
1786213895|cdnserver|A|/modules/atlas_forum_sync.py/activity/2c82815-006.modified
1786213895|cdnserver|A|/_root/run_windows.bat/activity/2c82815-007.modified
1786213895|cdnserver|A|/tests/test_atlas_forum_sync.py/activity/2c82815-008.modified
1786214366|cdnserver|A|/_root/docker-compose.yml/activity/593ffa5-001.modified
1786214366|cdnserver|A|/gitbook/tools/atlas.md/activity/593ffa5-002.modified
1786214366|cdnserver|M|/gitbook/tools/activity/593ffa5-003.dir1.modified
1786214366|cdnserver|A|/modules/atlas_forum_sync.py/activity/593ffa5-004.modified
1786214366|cdnserver|A|/tests/test_atlas_forum_sync.py/activity/593ffa5-005.modified
1786225033|cdnserver|A|/_root/.env.example/activity/870ec58-001.modified
1786225033|cdnserver|A|/_root/.env.persistent.example/activity/870ec58-002.modified
1786225033|cdnserver|A|/_root/README_RU.md/activity/870ec58-003.modified
1786225033|cdnserver|A|/gitbook/changelog/2026-07-17.md/activity/870ec58-004.modified
1786225033|cdnserver|M|/gitbook/changelog/activity/870ec58-005.dir1.modified
1786225033|cdnserver|A|/gitbook/changelog/2026-07-18.md/activity/870ec58-006.modified
1786225033|cdnserver|M|/gitbook/changelog/activity/870ec58-007.dir1.modified
1786225033|cdnserver|A|/gitbook/changelog/2026-07-20.md/activity/870ec58-008.modified
1786225033|cdnserver|M|/gitbook/changelog/activity/870ec58-009.dir1.modified
1786225033|cdnserver|A|/gitbook/changelog/2026-07-27.md/activity/870ec58-010.modified
1786225033|cdnserver|M|/gitbook/changelog/activity/870ec58-011.dir1.modified
1786225033|cdnserver|A|/gitbook/consensus/web-panel.md/activity/870ec58-012.modified
1786225033|cdnserver|M|/gitbook/consensus/activity/870ec58-013.dir1.modified
1786225033|cdnserver|A|/gitbook/privacy.md/activity/870ec58-014.modified
1786225033|cdnserver|A|/gitbook/start/commands.md/activity/870ec58-015.modified
1786225033|cdnserver|M|/gitbook/start/activity/870ec58-016.dir1.modified
1786225033|cdnserver|A|/gitbook/start/roles-and-privacy.md/activity/870ec58-017.modified
1786225033|cdnserver|M|/gitbook/start/activity/870ec58-018.dir1.modified
1786225033|cdnserver|A|/gitbook/tools/atlas.md/activity/870ec58-019.modified
1786225033|cdnserver|M|/gitbook/tools/activity/870ec58-020.dir1.modified
1786225033|cdnserver|A|/gitbook/tools/member-profile.md/activity/870ec58-021.modified
1786225033|cdnserver|M|/gitbook/tools/activity/870ec58-022.dir1.modified
1786225033|cdnserver|A|/gitbook/tools/music.md/activity/870ec58-023.modified
1786225033|cdnserver|M|/gitbook/tools/activity/870ec58-024.dir1.modified
1786225033|cdnserver|A|/_root/main.py/activity/870ec58-025.modified
1786225033|cdnserver|A|/modules/atlas_ai.py/activity/870ec58-026.modified
1786225033|cdnserver|A|/modules/atlas_discord.py/activity/870ec58-027.added
1786225033|cdnserver|A|/modules/atlas_web.py/activity/870ec58-028.modified
1786225033|cdnserver|A|/modules/consensus_admin_web.py/activity/870ec58-029.modified
1786225033|cdnserver|A|/modules/consensus_web.py/activity/870ec58-030.modified
1786225033|cdnserver|A|/modules/consensus_web_auth.py/activity/870ec58-031.modified
1786225033|cdnserver|A|/modules/profile.py/activity/870ec58-032.modified
1786225033|cdnserver|A|/modules/profile_voice.py/activity/870ec58-033.modified
1786225033|cdnserver|A|/modules/reactor_web.py/activity/870ec58-034.modified
1786225033|cdnserver|A|/persistence/atlas_repository.py/activity/870ec58-035.modified
1786225033|cdnserver|A|/persistence/schema.py/activity/870ec58-036.modified
1786225033|cdnserver|A|/persistence/web_auth_repository.py/activity/870ec58-037.modified
1786225033|cdnserver|A|/tests/test_atlas.py/activity/870ec58-038.modified
1786225033|cdnserver|A|/tests/test_consensus_web.py/activity/870ec58-039.modified
1786225033|cdnserver|A|/tests/test_profile.py/activity/870ec58-040.modified
1786225033|cdnserver|A|/web/atlas/app.js/activity/870ec58-041.modified
1786225033|cdnserver|M|/web/atlas/activity/870ec58-042.dir1.modified
1786225033|cdnserver|A|/web/atlas/index.html/activity/870ec58-043.modified
1786225033|cdnserver|M|/web/atlas/activity/870ec58-044.dir1.modified
1786225033|cdnserver|A|/web/atlas/style.css/activity/870ec58-045.modified
1786225033|cdnserver|M|/web/atlas/activity/870ec58-046.dir1.modified
1786225033|cdnserver|A|/web/consensus/admin.html/activity/870ec58-047.modified
1786225033|cdnserver|M|/web/consensus/activity/870ec58-048.dir1.modified
1786225033|cdnserver|A|/web/consensus/games.html/activity/870ec58-049.modified
1786225033|cdnserver|M|/web/consensus/activity/870ec58-050.dir1.modified
1786225033|cdnserver|A|/web/consensus/index.html/activity/870ec58-051.modified
1786225033|cdnserver|M|/web/consensus/activity/870ec58-052.dir1.modified
1786225033|cdnserver|A|/web/consensus/login.html/activity/870ec58-053.modified
1786225033|cdnserver|M|/web/consensus/activity/870ec58-054.dir1.modified
1786225033|cdnserver|A|/web/consensus/login.js/activity/870ec58-055.modified
1786225033|cdnserver|M|/web/consensus/activity/870ec58-056.dir1.modified
1786225033|cdnserver|A|/web/consensus/portal.html/activity/870ec58-057.modified
1786225033|cdnserver|M|/web/consensus/activity/870ec58-058.dir1.modified
1786225033|cdnserver|A|/web/consensus/portal.js/activity/870ec58-059.modified
1786225033|cdnserver|M|/web/consensus/activity/870ec58-060.dir1.modified
1786228013|cdnserver|A|/_root/main.py/activity/a617305-001.modified
1786228013|cdnserver|A|/modules/atlas_ai.py/activity/a617305-002.modified
1786228013|cdnserver|A|/modules/atlas_discord.py/activity/a617305-003.modified
1786228013|cdnserver|A|/modules/atlas_forum_sync.py/activity/a617305-004.modified
1786228013|cdnserver|A|/modules/atlas_taxonomy.py/activity/a617305-005.added
1786228013|cdnserver|A|/modules/atlas_web.py/activity/a617305-006.modified
1786228013|cdnserver|A|/persistence/atlas_repository.py/activity/a617305-007.modified
1786228013|cdnserver|A|/persistence/schema.py/activity/a617305-008.modified
1786228013|cdnserver|A|/tests/test_atlas.py/activity/a617305-009.modified
1786228013|cdnserver|A|/tests/test_atlas_discord.py/activity/a617305-010.added
1786228013|cdnserver|A|/tests/test_atlas_forum_sync.py/activity/a617305-011.modified
1786228013|cdnserver|A|/tests/test_windows_consensus_launcher.py/activity/a617305-012.modified
1786228013|cdnserver|A|/web/atlas/app.js/activity/a617305-013.modified
1786228013|cdnserver|M|/web/atlas/activity/a617305-014.dir1.modified
1786228013|cdnserver|A|/web/atlas/index.html/activity/a617305-015.modified
1786228013|cdnserver|M|/web/atlas/activity/a617305-016.dir1.modified
1786228013|cdnserver|A|/web/atlas/style.css/activity/a617305-017.modified
1786228013|cdnserver|M|/web/atlas/activity/a617305-018.dir1.modified
1786228013|cdnserver|A|/web/consensus/admin.css/activity/a617305-019.modified
1786228013|cdnserver|M|/web/consensus/activity/a617305-020.dir1.modified
1786228013|cdnserver|A|/web/consensus/admin.html/activity/a617305-021.modified
1786228013|cdnserver|M|/web/consensus/activity/a617305-022.dir1.modified
1786228013|cdnserver|A|/web/consensus/admin.js/activity/a617305-023.modified
1786228013|cdnserver|M|/web/consensus/activity/a617305-024.dir1.modified
1786229600|cdnserver|A|/_root/.env.example/activity/9484765-001.modified
1786229600|cdnserver|A|/_root/.env.persistent.example/activity/9484765-002.modified
1786229600|cdnserver|A|/_root/docker-compose.yml/activity/9484765-003.modified
1786229600|cdnserver|A|/modules/atlas_ai.py/activity/9484765-004.modified
1786229600|cdnserver|A|/modules/atlas_forum_sync.py/activity/9484765-005.modified
1786229600|cdnserver|A|/modules/craft.py/activity/9484765-006.modified
1786229600|cdnserver|A|/modules/sgbureau.py/activity/9484765-007.modified
1786229600|cdnserver|A|/tests/test_atlas.py/activity/9484765-008.modified
1786229600|cdnserver|A|/tests/test_atlas_forum_sync.py/activity/9484765-009.modified
1786229600|cdnserver|A|/tests/test_craft_ui.py/activity/9484765-010.modified
1786229600|cdnserver|A|/tests/test_sgbureau_case_creation.py/activity/9484765-011.modified
1786229600|cdnserver|A|/web/atlas/app.js/activity/9484765-012.modified
1786229600|cdnserver|M|/web/atlas/activity/9484765-013.dir1.modified
1786229600|cdnserver|A|/web/atlas/index.html/activity/9484765-014.modified
1786229600|cdnserver|M|/web/atlas/activity/9484765-015.dir1.modified
1786229600|cdnserver|A|/web/atlas/style.css/activity/9484765-016.modified
1786229600|cdnserver|M|/web/atlas/activity/9484765-017.dir1.modified
1786231381|cdnserver|A|/_root/.env.example/activity/6a0fa1e-001.modified
1786231381|cdnserver|A|/_root/.env.persistent.example/activity/6a0fa1e-002.modified
1786231381|cdnserver|A|/_root/docker-compose.yml/activity/6a0fa1e-003.modified
1786231381|cdnserver|A|/modules/atlas_ai.py/activity/6a0fa1e-004.modified
1786231381|cdnserver|A|/modules/atlas_forum_sync.py/activity/6a0fa1e-005.modified
1786231381|cdnserver|A|/tests/test_atlas.py/activity/6a0fa1e-006.modified
1786231381|cdnserver|A|/tests/test_atlas_forum_sync.py/activity/6a0fa1e-007.modified
1786231923|cdnserver|A|/modules/atlas_forum_sync.py/activity/128735a-001.modified
1786231923|cdnserver|A|/tests/test_atlas_forum_sync.py/activity/128735a-002.modified
1786232464|cdnserver|A|/modules/atlas_ai.py/activity/41ea801-001.modified
1786232464|cdnserver|A|/modules/atlas_forum_sync.py/activity/41ea801-002.modified
1786232464|cdnserver|A|/modules/atlas_web.py/activity/41ea801-003.modified
1786232464|cdnserver|A|/persistence/atlas_repository.py/activity/41ea801-004.modified
1786232464|cdnserver|A|/persistence/schema.py/activity/41ea801-005.modified
1786232464|cdnserver|A|/tests/test_atlas.py/activity/41ea801-006.modified
1786232464|cdnserver|A|/tests/test_atlas_forum_sync.py/activity/41ea801-007.modified
1786232464|cdnserver|A|/web/atlas/app.js/activity/41ea801-008.modified
1786232464|cdnserver|M|/web/atlas/activity/41ea801-009.dir1.modified
1786232464|cdnserver|A|/web/atlas/index.html/activity/41ea801-010.modified
1786232464|cdnserver|M|/web/atlas/activity/41ea801-011.dir1.modified
1786233286|cdnserver|A|/modules/atlas_ai.py/activity/1518185-001.modified
1786233286|cdnserver|A|/modules/atlas_forum_sync.py/activity/1518185-002.modified
1786233286|cdnserver|A|/tests/test_atlas.py/activity/1518185-003.modified
1786233286|cdnserver|A|/tests/test_atlas_forum_sync.py/activity/1518185-004.modified
1786233286|cdnserver|A|/web/atlas/app.js/activity/1518185-005.modified
1786233286|cdnserver|M|/web/atlas/activity/1518185-006.dir1.modified
1786233436|cdnserver|A|/modules/atlas_ai.py/activity/88ca94e-001.modified
1786233436|cdnserver|A|/tests/test_atlas.py/activity/88ca94e-002.modified
1786275011|cdnserver|A|/modules/atlas_ai.py/activity/9a93867-001.modified
1786275011|cdnserver|A|/modules/atlas_forum_sync.py/activity/9a93867-002.modified
1786275011|cdnserver|A|/tests/test_atlas.py/activity/9a93867-003.modified
1786275011|cdnserver|A|/tests/test_atlas_forum_sync.py/activity/9a93867-004.modified
1786277324|cdnserver|A|/modules/atlas_forum_sync.py/activity/d22038b-001.modified
1786277324|cdnserver|A|/tests/test_atlas_forum_sync.py/activity/d22038b-002.modified
1786277676|cdnserver|A|/modules/atlas_forum_sync.py/activity/0023444-001.modified
1786277676|cdnserver|A|/tests/test_atlas_forum_sync.py/activity/0023444-002.modified
1786278289|cdnserver|A|/modules/atlas_ai.py/activity/f21563a-001.modified
1786278289|cdnserver|A|/tests/test_atlas.py/activity/f21563a-002.modified
1786278662|cdnserver|A|/modules/atlas_ai.py/activity/1d346c8-001.modified
1786278662|cdnserver|A|/tests/test_atlas.py/activity/1d346c8-002.modified
1786280209|cdnserver|A|/modules/atlas_ai.py/activity/b0ab107-001.modified
1786280209|cdnserver|A|/modules/atlas_web.py/activity/b0ab107-002.modified
1786280209|cdnserver|A|/persistence/atlas_repository.py/activity/b0ab107-003.modified
1786280209|cdnserver|A|/persistence/schema.py/activity/b0ab107-004.modified
1786280209|cdnserver|A|/tests/test_atlas.py/activity/b0ab107-005.modified
1786280209|cdnserver|A|/web/atlas/app.js/activity/b0ab107-006.modified
1786280209|cdnserver|M|/web/atlas/activity/b0ab107-007.dir1.modified
1786280209|cdnserver|A|/web/atlas/style.css/activity/b0ab107-008.modified
1786280209|cdnserver|M|/web/atlas/activity/b0ab107-009.dir1.modified
1786280368|cdnserver|A|/modules/atlas_ai.py/activity/7850794-001.modified
1786280368|cdnserver|A|/tests/test_atlas.py/activity/7850794-002.modified
1786280520|cdnserver|A|/modules/atlas_ai.py/activity/982c164-001.modified
1786280520|cdnserver|A|/tests/test_atlas.py/activity/982c164-002.modified
1786306895|cdnserver|A|/_root/Caddyfile/activity/8d4feae-001.modified
1786306895|cdnserver|A|/modules/atlas_agents.py/activity/8d4feae-002.added
1786306895|cdnserver|A|/modules/atlas_ai.py/activity/8d4feae-003.modified
1786306895|cdnserver|A|/modules/atlas_discord.py/activity/8d4feae-004.modified
1786306895|cdnserver|A|/modules/atlas_web.py/activity/8d4feae-005.modified
1786306895|cdnserver|A|/modules/consensus_admin_web.py/activity/8d4feae-006.modified
1786306895|cdnserver|A|/modules/consensus_web.py/activity/8d4feae-007.modified
1786306895|cdnserver|A|/modules/sgl_web.py/activity/8d4feae-008.added
1786306895|cdnserver|A|/persistence/atlas_repository.py/activity/8d4feae-009.modified
1786306895|cdnserver|A|/persistence/schema.py/activity/8d4feae-010.modified
1786306895|cdnserver|A|/tests/test_atlas.py/activity/8d4feae-011.modified
1786306895|cdnserver|A|/tests/test_consensus_web.py/activity/8d4feae-012.modified
1786306895|cdnserver|A|/web/atlas/app.js/activity/8d4feae-013.modified
1786306895|cdnserver|M|/web/atlas/activity/8d4feae-014.dir1.modified
1786306895|cdnserver|A|/web/atlas/index.html/activity/8d4feae-015.modified
1786306895|cdnserver|M|/web/atlas/activity/8d4feae-016.dir1.modified
1786306895|cdnserver|A|/web/atlas/style.css/activity/8d4feae-017.modified
1786306895|cdnserver|M|/web/atlas/activity/8d4feae-018.dir1.modified
1786306895|cdnserver|A|/web/consensus/admin.html/activity/8d4feae-019.modified
1786306895|cdnserver|M|/web/consensus/activity/8d4feae-020.dir1.modified
1786306895|cdnserver|A|/web/consensus/admin.js/activity/8d4feae-021.modified
1786306895|cdnserver|M|/web/consensus/activity/8d4feae-022.dir1.modified
1786306895|cdnserver|A|/web/sgl/app.js/activity/8d4feae-023.added
1786306895|cdnserver|M|/web/sgl/activity/8d4feae-024.dir1.added
1786306895|cdnserver|A|/web/sgl/favicon.svg/activity/8d4feae-025.added
1786306895|cdnserver|M|/web/sgl/activity/8d4feae-026.dir1.added
1786306895|cdnserver|A|/web/sgl/index.html/activity/8d4feae-027.added
1786306895|cdnserver|M|/web/sgl/activity/8d4feae-028.dir1.added
1786306895|cdnserver|A|/web/sgl/style.css/activity/8d4feae-029.added
1786306895|cdnserver|M|/web/sgl/activity/8d4feae-030.dir1.added
1786307363|cdnserver|A|/modules/sgl_web.py/activity/6d9b1d7-001.modified
1786307363|cdnserver|A|/web/sgl/index.html/activity/6d9b1d7-002.modified
1786307363|cdnserver|M|/web/sgl/activity/6d9b1d7-003.dir1.modified
1786307363|cdnserver|A|/web/sgl/logo.webp/activity/6d9b1d7-004.added
1786307363|cdnserver|M|/web/sgl/activity/6d9b1d7-005.dir1.added
1786307363|cdnserver|A|/web/sgl/style.css/activity/6d9b1d7-006.modified
1786307363|cdnserver|M|/web/sgl/activity/6d9b1d7-007.dir1.modified
1786307507|cdnserver|A|/modules/sgl_web.py/activity/ca7d0f1-001.modified
1786308040|cdnserver|A|/_root/.env.example/activity/302bfd3-001.modified
1786308040|cdnserver|A|/modules/consensus_web.py/activity/302bfd3-002.modified
1786308040|cdnserver|A|/modules/sgl_web.py/activity/302bfd3-003.modified
1786308040|cdnserver|A|/tests/test_consensus_web.py/activity/302bfd3-004.modified
1786308040|cdnserver|A|/web/sgl/app.js/activity/302bfd3-005.modified
1786308040|cdnserver|M|/web/sgl/activity/302bfd3-006.dir1.modified
1786308040|cdnserver|A|/web/sgl/index.html/activity/302bfd3-007.modified
1786308040|cdnserver|M|/web/sgl/activity/302bfd3-008.dir1.modified
1786308040|cdnserver|A|/web/sgl/style.css/activity/302bfd3-009.modified
1786308040|cdnserver|M|/web/sgl/activity/302bfd3-010.dir1.modified
1786308222|cdnserver|A|/_root/.env.example/activity/bb79ec2-001.modified
1786308222|cdnserver|A|/modules/sgl_web.py/activity/bb79ec2-002.modified
1786311365|cdnserver|A|/modules/sgl_web.py/activity/4e7cf8e-001.modified
1786311365|cdnserver|A|/web/sgl/index.html/activity/4e7cf8e-002.modified
1786311365|cdnserver|M|/web/sgl/activity/4e7cf8e-003.dir1.modified
1786311365|cdnserver|A|/web/sgl/logo-lockup.png/activity/4e7cf8e-004.added
1786311365|cdnserver|M|/web/sgl/activity/4e7cf8e-005.dir1.added
1786311365|cdnserver|A|/web/sgl/style.css/activity/4e7cf8e-006.modified
1786311365|cdnserver|M|/web/sgl/activity/4e7cf8e-007.dir1.modified
1786311891|cdnserver|A|/modules/sgl_web.py/activity/62a4d05-001.modified
1786311891|cdnserver|A|/web/sgl/index.html/activity/62a4d05-002.modified
1786311891|cdnserver|M|/web/sgl/activity/62a4d05-003.dir1.modified
1786311891|cdnserver|A|/web/sgl/logo-lockup.png/activity/62a4d05-004.deleted
1786311891|cdnserver|M|/web/sgl/activity/62a4d05-005.dir1.deleted
1786311891|cdnserver|A|/web/sgl/logo-vector.svg/activity/62a4d05-006.added
1786311891|cdnserver|M|/web/sgl/activity/62a4d05-007.dir1.added
1786311891|cdnserver|A|/web/sgl/style.css/activity/62a4d05-008.modified
1786311891|cdnserver|M|/web/sgl/activity/62a4d05-009.dir1.modified
1786316703|cdnserver|A|/web/sgl/index.html/activity/1b47109-001.modified
1786316703|cdnserver|M|/web/sgl/activity/1b47109-002.dir1.modified
1786316736|cdnserver|A|/web/sgl/style.css/activity/5c6240b-001.modified
1786316736|cdnserver|M|/web/sgl/activity/5c6240b-002.dir1.modified
1786318249|cdnserver|A|/web/sgl/index.html/activity/f81b53b-001.modified
1786318249|cdnserver|M|/web/sgl/activity/f81b53b-002.dir1.modified
1786318287|cdnserver|A|/web/sgl/app.js/activity/37e4482-001.modified
1786318287|cdnserver|M|/web/sgl/activity/37e4482-002.dir1.modified
1786318703|cdnserver|A|/web/sgl/index.html/activity/ccf063a-001.modified
1786318703|cdnserver|M|/web/sgl/activity/ccf063a-002.dir1.modified
1786318715|cdnserver|A|/web/sgl/style.css/activity/d3a3fcf-001.modified
1786318715|cdnserver|M|/web/sgl/activity/d3a3fcf-002.dir1.modified
1786318729|cdnserver|A|/web/sgl/app.js/activity/7caf45a-001.modified
1786318729|cdnserver|M|/web/sgl/activity/7caf45a-002.dir1.modified
1786353136|cdnserver|A|/web/sgl/style.css/activity/e5022bb-001.modified
1786353136|cdnserver|M|/web/sgl/activity/e5022bb-002.dir1.modified
1786353151|cdnserver|A|/web/sgl/index.html/activity/0eab097-001.modified
1786353151|cdnserver|M|/web/sgl/activity/0eab097-002.dir1.modified
1786353620|cdnserver|A|/web/sgl/index.html/activity/1ff1152-001.modified
1786353620|cdnserver|M|/web/sgl/activity/1ff1152-002.dir1.modified
1786366871|cdnserver|A|/web/sgl/index.html/activity/aaa5d72-001.modified
1786366871|cdnserver|M|/web/sgl/activity/aaa5d72-002.dir1.modified
1786366890|cdnserver|A|/web/sgl/style.css/activity/a0b167c-001.modified
1786366890|cdnserver|M|/web/sgl/activity/a0b167c-002.dir1.modified
1786366907|cdnserver|A|/web/sgl/app.js/activity/9305053-001.modified
1786366907|cdnserver|M|/web/sgl/activity/9305053-002.dir1.modified
1786367469|cdnserver|A|/web/sgl/index.html/activity/ae8b914-001.modified
1786367469|cdnserver|M|/web/sgl/activity/ae8b914-002.dir1.modified
1786367488|cdnserver|A|/web/sgl/style.css/activity/40e0083-001.modified
1786367488|cdnserver|M|/web/sgl/activity/40e0083-002.dir1.modified
1786367711|cdnserver|A|/web/sgl/index.html/activity/335eede-001.modified
1786367711|cdnserver|M|/web/sgl/activity/335eede-002.dir1.modified
1786387258|unkn0wn|A|/gitbook/SUMMARY.md/activity/a210752-001.modified
1786387258|unkn0wn|A|/gitbook/dnevnik-soula/10-08-2026-atlas-i-mysli-o-budushem.md/activity/a210752-002.added
1786387258|unkn0wn|M|/gitbook/dnevnik-soula/activity/a210752-003.dir1.added
1786387258|unkn0wn|A|/gitbook/dobro-pozhalovat.md/activity/a210752-004.added
1786387410|cdnserver|A|/web/sgl/index.html/activity/7212212-001.modified
1786387410|cdnserver|M|/web/sgl/activity/7212212-002.dir1.modified
1786387423|cdnserver|A|/web/sgl/style.css/activity/359b27e-001.modified
1786387423|cdnserver|M|/web/sgl/activity/359b27e-002.dir1.modified
1786439786|cdnserver|A|/web/sgl/index.html/activity/f11c1a7-001.modified
1786439786|cdnserver|M|/web/sgl/activity/f11c1a7-002.dir1.modified
1786439786|cdnserver|A|/web/sgl/style.css/activity/f11c1a7-003.modified
1786439786|cdnserver|M|/web/sgl/activity/f11c1a7-004.dir1.modified
1786440248|cdnserver|A|/_root/README_RU.md/activity/490b16b-001.modified
1786440248|cdnserver|A|/_root/configure_auto_update_windows.ps1/activity/490b16b-002.added
1786440248|cdnserver|A|/_root/install_desktop_launcher_windows.bat/activity/490b16b-003.modified
1786440248|cdnserver|A|/_root/run_windows.bat/activity/490b16b-004.modified
1786440248|cdnserver|A|/tests/test_windows_consensus_launcher.py/activity/490b16b-005.modified
1786440248|cdnserver|A|/_root/watch_tmod_updates_windows.ps1/activity/490b16b-006.added
1786440297|cdnserver|A|/web/sgl/index.html/activity/5de25b1-001.modified
1786440297|cdnserver|M|/web/sgl/activity/5de25b1-002.dir1.modified
1786441017|cdnserver|A|/modules/atlas_ai.py/activity/a758784-001.modified
1786441017|cdnserver|A|/persistence/atlas_repository.py/activity/a758784-002.modified
1786441017|cdnserver|A|/tests/test_atlas.py/activity/a758784-003.modified
1786441547|cdnserver|A|/modules/atlas_forum_sync.py/activity/9169490-001.modified
1786441547|cdnserver|A|/modules/atlas_web.py/activity/9169490-002.modified
1786441547|cdnserver|A|/tests/test_atlas.py/activity/9169490-003.modified
1786441547|cdnserver|A|/tests/test_atlas_forum_sync.py/activity/9169490-004.modified
1786441547|cdnserver|A|/web/atlas/app.js/activity/9169490-005.modified
1786441547|cdnserver|M|/web/atlas/activity/9169490-006.dir1.modified
1786441547|cdnserver|A|/web/atlas/index.html/activity/9169490-007.modified
1786441547|cdnserver|M|/web/atlas/activity/9169490-008.dir1.modified
1786441547|cdnserver|A|/web/atlas/style.css/activity/9169490-009.modified
1786441547|cdnserver|M|/web/atlas/activity/9169490-010.dir1.modified
1786442250|cdnserver|A|/_root/.env.example/activity/24a80b4-001.modified
1786442250|cdnserver|A|/modules/atlas_ai.py/activity/24a80b4-002.modified
1786442250|cdnserver|A|/tests/test_atlas.py/activity/24a80b4-003.modified
1786442918|cdnserver|A|/modules/atlas_ai.py/activity/d7a73ee-001.modified
1786442918|cdnserver|A|/modules/atlas_discord.py/activity/d7a73ee-002.modified
1786442918|cdnserver|A|/tests/test_atlas.py/activity/d7a73ee-003.modified
1786442918|cdnserver|A|/web/atlas/app.js/activity/d7a73ee-004.modified
1786442918|cdnserver|M|/web/atlas/activity/d7a73ee-005.dir1.modified
1786470503|cdnserver|A|/modules/member_identity.py/activity/c3ba56c-001.added
1786470503|cdnserver|A|/modules/profile.py/activity/c3ba56c-002.modified
1786470503|cdnserver|A|/modules/reactor_legislation.py/activity/c3ba56c-003.modified
1786470503|cdnserver|A|/modules/reactor_web.py/activity/c3ba56c-004.modified
1786470503|cdnserver|A|/persistence/core.py/activity/c3ba56c-005.modified
1786470503|cdnserver|A|/persistence/profile_repository.py/activity/c3ba56c-006.modified
1786470503|cdnserver|A|/persistence/schema.py/activity/c3ba56c-007.modified
1786470503|cdnserver|A|/tests/test_consensus_act_iii_and_bill_editor.py/activity/c3ba56c-008.modified
1786470503|cdnserver|A|/tests/test_consensus_web.py/activity/c3ba56c-009.modified
1786470503|cdnserver|A|/tests/test_profile.py/activity/c3ba56c-010.modified
1786470503|cdnserver|A|/web/consensus/portal-theme.css/activity/c3ba56c-011.modified
1786470503|cdnserver|M|/web/consensus/activity/c3ba56c-012.dir1.modified
1786470503|cdnserver|A|/web/consensus/portal.html/activity/c3ba56c-013.modified
1786470503|cdnserver|M|/web/consensus/activity/c3ba56c-014.dir1.modified
1786470503|cdnserver|A|/web/consensus/portal.js/activity/c3ba56c-015.modified
1786470503|cdnserver|M|/web/consensus/activity/c3ba56c-016.dir1.modified
1786471214|cdnserver|A|/modules/consensus_admin_web.py/activity/70558af-001.modified
1786471214|cdnserver|A|/tests/test_consensus_web.py/activity/70558af-002.modified
1786471214|cdnserver|A|/web/consensus/admin.css/activity/70558af-003.modified
1786471214|cdnserver|M|/web/consensus/activity/70558af-004.dir1.modified
1786471214|cdnserver|A|/web/consensus/admin.html/activity/70558af-005.modified
1786471214|cdnserver|M|/web/consensus/activity/70558af-006.dir1.modified
1786471214|cdnserver|A|/web/consensus/admin.js/activity/70558af-007.modified
1786471214|cdnserver|M|/web/consensus/activity/70558af-008.dir1.modified
1786483459|cdnserver|A|/_root/.env.example/activity/621fda8-001.modified
1786483459|cdnserver|A|/_root/.env.persistent.example/activity/621fda8-002.modified
1786483459|cdnserver|A|/_root/README_RU.md/activity/621fda8-003.modified
1786483459|cdnserver|A|/gitbook/consensus/chair.md/activity/621fda8-004.modified
1786483459|cdnserver|M|/gitbook/consensus/activity/621fda8-005.dir1.modified
1786483459|cdnserver|A|/gitbook/consensus/participant.md/activity/621fda8-006.modified
1786483459|cdnserver|M|/gitbook/consensus/activity/621fda8-007.dir1.modified
1786483459|cdnserver|A|/gitbook/consensus/v3.md/activity/621fda8-008.modified
1786483459|cdnserver|M|/gitbook/consensus/activity/621fda8-009.dir1.modified
1786483459|cdnserver|A|/gitbook/consensus/web-panel.md/activity/621fda8-010.modified
1786483459|cdnserver|M|/gitbook/consensus/activity/621fda8-011.dir1.modified
1786483459|cdnserver|A|/modules/consensus_artifacts.py/activity/621fda8-012.added
1786483459|cdnserver|A|/modules/consensus_schedule.py/activity/621fda8-013.modified
1786483459|cdnserver|A|/modules/consensus_v3.py/activity/621fda8-014.modified
1786483459|cdnserver|A|/modules/consensus_web.py/activity/621fda8-015.modified
1786483459|cdnserver|A|/modules/consensus_web_control.py/activity/621fda8-016.modified
1786483459|cdnserver|A|/modules/tvrs_consensus_portal.py/activity/621fda8-017.modified
1786483459|cdnserver|A|/modules/tvrs_consensus_views.py/activity/621fda8-018.modified
1786483459|cdnserver|A|/modules/tvrs_control.py/activity/621fda8-019.modified
1786483459|cdnserver|A|/modules/tvrs_decision.py/activity/621fda8-020.modified
1786483459|cdnserver|A|/modules/tvrs_delivery.py/activity/621fda8-021.modified
1786483459|cdnserver|A|/modules/tvrs_presentation.py/activity/621fda8-022.modified
1786483459|cdnserver|A|/modules/tvrs_recovery.py/activity/621fda8-023.modified
1786483459|cdnserver|A|/modules/tvrs_vote_opening.py/activity/621fda8-024.modified
1786483459|cdnserver|A|/persistence/consensus_schedule_repository.py/activity/621fda8-025.modified
1786483459|cdnserver|A|/persistence/tvrs_repository.py/activity/621fda8-026.modified
1786483459|cdnserver|A|/_root/requirements.txt/activity/621fda8-027.modified
1786483459|cdnserver|A|/tests/test_consensus_act_iii_and_bill_editor.py/activity/621fda8-028.modified
1786483459|cdnserver|A|/tests/test_consensus_artifacts.py/activity/621fda8-029.added
1786483459|cdnserver|A|/tests/test_consensus_service.py/activity/621fda8-030.modified
1786483459|cdnserver|A|/tests/test_consensus_v3.py/activity/621fda8-031.modified
1786483459|cdnserver|A|/tests/test_consensus_web.py/activity/621fda8-032.modified
1786483459|cdnserver|A|/web/consensus/app.js/activity/621fda8-033.modified
1786483459|cdnserver|M|/web/consensus/activity/621fda8-034.dir1.modified
1786483459|cdnserver|A|/web/consensus/consensus-v4.css/activity/621fda8-035.added
1786483459|cdnserver|M|/web/consensus/activity/621fda8-036.dir1.added
1786483459|cdnserver|A|/web/consensus/index.html/activity/621fda8-037.modified
1786483459|cdnserver|M|/web/consensus/activity/621fda8-038.dir1.modified
1786486581|cdnserver|A|/_root/.gitignore/activity/e58a3bf-001.modified
1786486581|cdnserver|A|/modules/consensus_artifacts.py/activity/e58a3bf-002.modified
1786486581|cdnserver|A|/modules/consensus_core.py/activity/e58a3bf-003.modified
1786486581|cdnserver|A|/modules/consensus_schedule.py/activity/e58a3bf-004.modified
1786486581|cdnserver|A|/modules/consensus_service.py/activity/e58a3bf-005.modified
1786486581|cdnserver|A|/modules/consensus_simulator.py/activity/e58a3bf-006.modified
1786486581|cdnserver|A|/modules/consensus_web.py/activity/e58a3bf-007.modified
1786486581|cdnserver|A|/modules/consensus_web_control.py/activity/e58a3bf-008.modified
1786486581|cdnserver|A|/modules/tvrs_discussion.py/activity/e58a3bf-009.modified
1786486581|cdnserver|A|/persistence/consensus_schedule_repository.py/activity/e58a3bf-010.modified
1786486581|cdnserver|A|/persistence/schema.py/activity/e58a3bf-011.modified
1786486581|cdnserver|A|/tests/test_consensus_schedule.py/activity/e58a3bf-012.modified
1786486581|cdnserver|A|/tests/test_consensus_service.py/activity/e58a3bf-013.modified
1786486581|cdnserver|A|/tests/test_consensus_timer_faults.py/activity/e58a3bf-014.modified
1786486581|cdnserver|A|/tests/test_consensus_web.py/activity/e58a3bf-015.modified
1786486581|cdnserver|A|/web/consensus/admin.css/activity/e58a3bf-016.modified
1786486581|cdnserver|M|/web/consensus/activity/e58a3bf-017.dir1.modified
1786486581|cdnserver|A|/web/consensus/admin.html/activity/e58a3bf-018.modified
1786486581|cdnserver|M|/web/consensus/activity/e58a3bf-019.dir1.modified
1786486581|cdnserver|A|/web/consensus/admin.js/activity/e58a3bf-020.modified
1786486581|cdnserver|M|/web/consensus/activity/e58a3bf-021.dir1.modified
1786486581|cdnserver|A|/web/consensus/app.js/activity/e58a3bf-022.modified
1786486581|cdnserver|M|/web/consensus/activity/e58a3bf-023.dir1.modified
1786486581|cdnserver|A|/web/consensus/consensus-v4.css/activity/e58a3bf-024.modified
1786486581|cdnserver|M|/web/consensus/activity/e58a3bf-025.dir1.modified
1786486581|cdnserver|A|/web/consensus/index.html/activity/e58a3bf-026.modified
1786486581|cdnserver|M|/web/consensus/activity/e58a3bf-027.dir1.modified
1786643397|unkn0wn|A|/gitbook/.../10-08-2026-atlas-i-mysli-o-budushem.md/activity/d9db599-001.renamed
1786643397|unkn0wn|M|/gitbook/.../activity/d9db599-002.dir1.renamed
1786643397|unkn0wn|A|/gitbook/.../13-08-2026.md/activity/d9db599-003.added
1786643397|unkn0wn|M|/gitbook/.../activity/d9db599-004.dir1.added
1786643397|unkn0wn|A|/gitbook/SUMMARY.md/activity/d9db599-005.modified
1786709590|cdnserver|A|/gitbook/README.md/activity/22f0fbe-001.modified
1786709590|cdnserver|A|/gitbook/SUMMARY.md/activity/22f0fbe-002.modified
1786709590|cdnserver|A|/gitbook/changelog/2026-07-15.md/activity/22f0fbe-003.modified
1786709590|cdnserver|M|/gitbook/changelog/activity/22f0fbe-004.dir1.modified
1786709590|cdnserver|A|/gitbook/changelog/2026-07-16.md/activity/22f0fbe-005.modified
1786709590|cdnserver|M|/gitbook/changelog/activity/22f0fbe-006.dir1.modified
1786709590|cdnserver|A|/gitbook/changelog/2026-07-17.md/activity/22f0fbe-007.modified
1786709590|cdnserver|M|/gitbook/changelog/activity/22f0fbe-008.dir1.modified
1786709590|cdnserver|A|/gitbook/changelog/2026-07-18.md/activity/22f0fbe-009.modified
1786709590|cdnserver|M|/gitbook/changelog/activity/22f0fbe-010.dir1.modified
1786709590|cdnserver|A|/gitbook/changelog/2026-07-20.md/activity/22f0fbe-011.modified
1786709590|cdnserver|M|/gitbook/changelog/activity/22f0fbe-012.dir1.modified
1786709590|cdnserver|A|/gitbook/changelog/2026-07-28.md/activity/22f0fbe-013.modified
1786709590|cdnserver|M|/gitbook/changelog/activity/22f0fbe-014.dir1.modified
1786709590|cdnserver|A|/gitbook/changelog/2026-07-29.md/activity/22f0fbe-015.modified
1786709590|cdnserver|M|/gitbook/changelog/activity/22f0fbe-016.dir1.modified
1786709590|cdnserver|A|/gitbook/changelog/2026-07-30.md/activity/22f0fbe-017.modified
1786709590|cdnserver|M|/gitbook/changelog/activity/22f0fbe-018.dir1.modified
1786709590|cdnserver|A|/gitbook/changelog/2026-07-31.md/activity/22f0fbe-019.modified
1786709590|cdnserver|M|/gitbook/changelog/activity/22f0fbe-020.dir1.modified
1786709590|cdnserver|A|/gitbook/changelog/2026-08-01.md/activity/22f0fbe-021.modified
1786709590|cdnserver|M|/gitbook/changelog/activity/22f0fbe-022.dir1.modified
1786709590|cdnserver|A|/gitbook/changelog/2026-08-02.md/activity/22f0fbe-023.modified
1786709590|cdnserver|M|/gitbook/changelog/activity/22f0fbe-024.dir1.modified
1786709590|cdnserver|A|/gitbook/changelog/2026-08-14.md/activity/22f0fbe-025.added
1786709590|cdnserver|M|/gitbook/changelog/activity/22f0fbe-026.dir1.added
1786709590|cdnserver|A|/gitbook/changelog/README.md/activity/22f0fbe-027.modified
1786709590|cdnserver|M|/gitbook/changelog/activity/22f0fbe-028.dir1.modified
1786709590|cdnserver|A|/gitbook/consensus/chair.md/activity/22f0fbe-029.modified
1786709590|cdnserver|M|/gitbook/consensus/activity/22f0fbe-030.dir1.modified
1786709590|cdnserver|A|/gitbook/consensus/participant.md/activity/22f0fbe-031.modified
1786709590|cdnserver|M|/gitbook/consensus/activity/22f0fbe-032.dir1.modified
1786709590|cdnserver|A|/gitbook/consensus/simulator.md/activity/22f0fbe-033.modified
1786709590|cdnserver|M|/gitbook/consensus/activity/22f0fbe-034.dir1.modified
1786709590|cdnserver|A|/gitbook/consensus/web-panel.md/activity/22f0fbe-035.modified
1786709590|cdnserver|M|/gitbook/consensus/activity/22f0fbe-036.dir1.modified
1786709590|cdnserver|A|/gitbook/dokumentaciya-t-mod.md/activity/22f0fbe-037.deleted
1786709590|cdnserver|A|/gitbook/privacy.md/activity/22f0fbe-038.modified
1786709590|cdnserver|A|/gitbook/responsible.md/activity/22f0fbe-039.deleted
1786709590|cdnserver|A|/gitbook/responsible/README.md/activity/22f0fbe-040.deleted
1786709590|cdnserver|M|/gitbook/responsible/activity/22f0fbe-041.dir1.deleted
1786709590|cdnserver|A|/gitbook/responsible/error-inbox.md/activity/22f0fbe-042.deleted
1786709590|cdnserver|M|/gitbook/responsible/activity/22f0fbe-043.dir1.deleted
1786709590|cdnserver|A|/gitbook/responsible/sgl-care.md/activity/22f0fbe-044.deleted
1786709590|cdnserver|M|/gitbook/responsible/activity/22f0fbe-045.dir1.deleted
1786709590|cdnserver|A|/gitbook/responsible/tvrs-care.md/activity/22f0fbe-046.deleted
1786709590|cdnserver|M|/gitbook/responsible/activity/22f0fbe-047.dir1.deleted
1786709590|cdnserver|A|/gitbook/tools/atlas.md/activity/22f0fbe-048.modified
1786709590|cdnserver|M|/gitbook/tools/activity/22f0fbe-049.dir1.modified
1786709590|cdnserver|A|/gitbook/tools/music.md/activity/22f0fbe-050.modified
1786709590|cdnserver|M|/gitbook/tools/activity/22f0fbe-051.dir1.modified
1786709590|cdnserver|A|/gitbook/troubleshooting.md/activity/22f0fbe-052.modified
1786709590|cdnserver|A|/gitbook/tvrs/bills.md/activity/22f0fbe-053.modified
1786709590|cdnserver|M|/gitbook/tvrs/activity/22f0fbe-054.dir1.modified
1786709590|cdnserver|A|/modules/consensus_admin_web.py/activity/22f0fbe-055.modified
1786709590|cdnserver|A|/modules/consensus_artifacts.py/activity/22f0fbe-056.modified
1786709590|cdnserver|A|/modules/consensus_schedule.py/activity/22f0fbe-057.modified
1786709590|cdnserver|A|/modules/tvrs_consensus_views.py/activity/22f0fbe-058.modified
1786709590|cdnserver|A|/tests/test_consensus_schedule.py/activity/22f0fbe-059.modified
1786709590|cdnserver|A|/web/consensus/app.js/activity/22f0fbe-060.modified
1786709590|cdnserver|M|/web/consensus/activity/22f0fbe-061.dir1.modified
1786709590|cdnserver|A|/web/consensus/consensus-v4.css/activity/22f0fbe-062.modified
1786709590|cdnserver|M|/web/consensus/activity/22f0fbe-063.dir1.modified
1786709590|cdnserver|A|/web/consensus/index.html/activity/22f0fbe-064.modified
1786709590|cdnserver|M|/web/consensus/activity/22f0fbe-065.dir1.modified
1786710864|cdnserver|A|/modules/atlas_ai.py/activity/82aa1e3-001.modified
1786710864|cdnserver|A|/modules/atlas_web.py/activity/82aa1e3-002.modified
1786710864|cdnserver|A|/modules/control_center.py/activity/82aa1e3-003.modified
1786710864|cdnserver|A|/modules/music_public_panel.py/activity/82aa1e3-004.modified
1786710864|cdnserver|A|/modules/music_setup.py/activity/82aa1e3-005.modified
1786710864|cdnserver|A|/modules/operations.py/activity/82aa1e3-006.modified
1786710864|cdnserver|A|/modules/sgbureau.py/activity/82aa1e3-007.modified
1786710864|cdnserver|A|/modules/tvrs_delivery.py/activity/82aa1e3-008.modified
1786710864|cdnserver|A|/tests/test_atlas.py/activity/82aa1e3-009.modified
1786710864|cdnserver|A|/tests/test_music.py/activity/82aa1e3-010.modified
1786710864|cdnserver|A|/tests/test_tvrs_architecture.py/activity/82aa1e3-011.modified
1786711836|cdnserver|A|/developer/sgl-web.md/activity/7fce61e-001.added
1786711836|cdnserver|A|/tests/test_sgl_web_import.py/activity/7fce61e-002.added
1786711836|cdnserver|A|/tools/import_sgl_web.py/activity/7fce61e-003.added
1786711836|cdnserver|A|/web/sgl/.source.json/activity/7fce61e-004.added
1786711836|cdnserver|M|/web/sgl/activity/7fce61e-005.dir1.added
1786712294|cdnserver|A|/gitbook/README.md/activity/fc1f0c0-001.modified
1786712294|cdnserver|A|/gitbook/SUMMARY.md/activity/fc1f0c0-002.modified
1786712294|cdnserver|A|/gitbook/consensus/README.md/activity/fc1f0c0-003.modified
1786712294|cdnserver|M|/gitbook/consensus/activity/fc1f0c0-004.dir1.modified
1786712294|cdnserver|A|/gitbook/consensus/chair.md/activity/fc1f0c0-005.modified
1786712294|cdnserver|M|/gitbook/consensus/activity/fc1f0c0-006.dir1.modified
1786712294|cdnserver|A|/gitbook/consensus/host-script.md/activity/fc1f0c0-007.added
1786712294|cdnserver|M|/gitbook/consensus/activity/fc1f0c0-008.dir1.added
1786713974|cdnserver|A|/gitbook/consensus/chair.md/activity/ca0f048-001.modified
1786713974|cdnserver|M|/gitbook/consensus/activity/ca0f048-002.dir1.modified
1786713974|cdnserver|A|/gitbook/consensus/host-script.md/activity/ca0f048-003.modified
1786713974|cdnserver|M|/gitbook/consensus/activity/ca0f048-004.dir1.modified
1786713974|cdnserver|A|/modules/consensus_web.py/activity/ca0f048-005.modified
1786713974|cdnserver|A|/modules/consensus_web_auth.py/activity/ca0f048-006.modified
1786713974|cdnserver|A|/modules/tvrs_consensus_portal.py/activity/ca0f048-007.modified
1786713974|cdnserver|A|/tests/test_consensus_v3.py/activity/ca0f048-008.modified
1786713974|cdnserver|A|/tests/test_consensus_web.py/activity/ca0f048-009.modified
1786713974|cdnserver|A|/web/consensus/app.js/activity/ca0f048-010.modified
1786713974|cdnserver|M|/web/consensus/activity/ca0f048-011.dir1.modified
1786713974|cdnserver|A|/web/consensus/host.css/activity/ca0f048-012.added
1786713974|cdnserver|M|/web/consensus/activity/ca0f048-013.dir1.added
1786713974|cdnserver|A|/web/consensus/host.html/activity/ca0f048-014.added
1786713974|cdnserver|M|/web/consensus/activity/ca0f048-015.dir1.added
1786713974|cdnserver|A|/web/consensus/host.js/activity/ca0f048-016.added
1786713974|cdnserver|M|/web/consensus/activity/ca0f048-017.dir1.added
1786713974|cdnserver|A|/web/consensus/index.html/activity/ca0f048-018.modified
1786713974|cdnserver|M|/web/consensus/activity/ca0f048-019.dir1.modified
1786713974|cdnserver|A|/web/consensus/style.css/activity/ca0f048-020.modified
1786713974|cdnserver|M|/web/consensus/activity/ca0f048-021.dir1.modified
1786716043|cdnserver|A|/gitbook/consensus/participant.md/activity/210d88e-001.modified
1786716043|cdnserver|M|/gitbook/consensus/activity/210d88e-002.dir1.modified
1786716043|cdnserver|A|/modules/consensus_artifacts.py/activity/210d88e-003.modified
1786716043|cdnserver|A|/modules/consensus_web_control.py/activity/210d88e-004.modified
1786716043|cdnserver|A|/modules/tvrs_discussion.py/activity/210d88e-005.modified
1786716043|cdnserver|A|/tests/test_consensus_artifacts.py/activity/210d88e-006.modified
1786716043|cdnserver|A|/tests/test_consensus_web.py/activity/210d88e-007.modified
1786716043|cdnserver|A|/web/consensus/app.js/activity/210d88e-008.modified
1786716043|cdnserver|M|/web/consensus/activity/210d88e-009.dir1.modified
1786716043|cdnserver|A|/web/consensus/consensus-v4.css/activity/210d88e-010.modified
1786716043|cdnserver|M|/web/consensus/activity/210d88e-011.dir1.modified
1786716043|cdnserver|A|/web/consensus/index.html/activity/210d88e-012.modified
1786716043|cdnserver|M|/web/consensus/activity/210d88e-013.dir1.modified
1786719698|cdnserver|A|/_root/run_windows.bat/activity/c9595d8-001.modified
1786719698|cdnserver|A|/_root/safe_update_windows.ps1/activity/c9595d8-002.modified
1786719698|cdnserver|A|/_root/start_tmod_windows.bat/activity/c9595d8-003.modified
1786719698|cdnserver|A|/tests/test_windows_consensus_launcher.py/activity/c9595d8-004.modified
1786720371|cdnserver|A|/gitbook/dnevnik-soula/10-08-2026-atlas-i-mysli-o-budushem.md/activity/167e7d9-001.renamed
1786720371|cdnserver|M|/gitbook/dnevnik-soula/activity/167e7d9-002.dir1.renamed
1786720371|cdnserver|A|/gitbook/dnevnik-soula/13-08-2026.md/activity/167e7d9-003.renamed
1786720371|cdnserver|M|/gitbook/dnevnik-soula/activity/167e7d9-004.dir1.renamed
1786725166|cdnserver|A|/modules/consensus_web.py/activity/b59273d-001.modified
1786725166|cdnserver|A|/modules/reactor_web.py/activity/b59273d-002.modified
1786725166|cdnserver|A|/modules/tvrs_consensus_portal.py/activity/b59273d-003.modified
1786725166|cdnserver|A|/tests/test_consensus_web.py/activity/b59273d-004.modified
1786725166|cdnserver|A|/web/consensus/portal-theme.css/activity/b59273d-005.modified
1786725166|cdnserver|M|/web/consensus/activity/b59273d-006.dir1.modified
1786725166|cdnserver|A|/web/consensus/portal.html/activity/b59273d-007.modified
1786725166|cdnserver|M|/web/consensus/activity/b59273d-008.dir1.modified
1786725166|cdnserver|A|/web/consensus/portal.js/activity/b59273d-009.modified
1786725166|cdnserver|M|/web/consensus/activity/b59273d-010.dir1.modified
1786780894|cdnserver|A|/modules/consensus_admin_web.py/activity/4bdacb6-001.modified
1786780894|cdnserver|A|/modules/reactor_legislation.py/activity/4bdacb6-002.modified
1786780894|cdnserver|A|/modules/reactor_web.py/activity/4bdacb6-003.modified
1786780894|cdnserver|A|/modules/tvrs_bill_editor.py/activity/4bdacb6-004.modified
1786780894|cdnserver|A|/modules/tvrs_hub_views.py/activity/4bdacb6-005.modified
1786780894|cdnserver|A|/persistence/bill_workspace_repository.py/activity/4bdacb6-006.modified
1786780894|cdnserver|A|/persistence/legislation_repository.py/activity/4bdacb6-007.added
1786780894|cdnserver|A|/persistence/ovr_repository.py/activity/4bdacb6-008.added
1786780894|cdnserver|A|/persistence/reactor_repository.py/activity/4bdacb6-009.modified
1786780894|cdnserver|A|/persistence/schema.py/activity/4bdacb6-010.modified
1786780894|cdnserver|A|/persistence/tvrs_repository.py/activity/4bdacb6-011.modified
1786780894|cdnserver|A|/persistence/web_auth_repository.py/activity/4bdacb6-012.modified
1786780894|cdnserver|A|/tests/test_consensus_web.py/activity/4bdacb6-013.modified
1786780894|cdnserver|A|/tests/test_legislation_governance.py/activity/4bdacb6-014.added
1786780894|cdnserver|A|/tests/test_reactor_legislation.py/activity/4bdacb6-015.modified
1786780894|cdnserver|A|/web/consensus/portal-theme.css/activity/4bdacb6-016.modified
1786780894|cdnserver|M|/web/consensus/activity/4bdacb6-017.dir1.modified
1786780894|cdnserver|A|/web/consensus/portal.html/activity/4bdacb6-018.modified
1786780894|cdnserver|M|/web/consensus/activity/4bdacb6-019.dir1.modified
1786780894|cdnserver|A|/web/consensus/portal.js/activity/4bdacb6-020.modified
1786780894|cdnserver|M|/web/consensus/activity/4bdacb6-021.dir1.modified
1786781898|cdnserver|A|/_root/launch_tmod_guarded_windows.ps1/activity/90cbf1a-001.added
1786781898|cdnserver|A|/_root/safe_update_windows.ps1/activity/90cbf1a-002.modified
1786781898|cdnserver|A|/scripts/tmod_db_guard.py/activity/90cbf1a-003.modified
1786781898|cdnserver|A|/_root/start_tmod_windows.bat/activity/90cbf1a-004.modified
1786781898|cdnserver|A|/tests/test_windows_consensus_launcher.py/activity/90cbf1a-005.modified
1786781898|cdnserver|A|/_root/watch_tmod_updates_windows.ps1/activity/90cbf1a-006.modified
1786820994|cdnserver|A|/_root/.env.example/activity/e54dff5-001.modified
1786820994|cdnserver|A|/_root/.env.persistent.example/activity/e54dff5-002.modified
1786820994|cdnserver|A|/_root/Caddyfile/activity/e54dff5-003.modified
1786820994|cdnserver|A|/_root/configure_direct_web_windows.ps1/activity/e54dff5-004.modified
1786820994|cdnserver|A|/modules/consensus_admin_web.py/activity/e54dff5-005.modified
1786820994|cdnserver|A|/modules/consensus_web.py/activity/e54dff5-006.modified
1786820994|cdnserver|A|/modules/consensus_web_auth.py/activity/e54dff5-007.modified
1786820994|cdnserver|A|/modules/reactor_web.py/activity/e54dff5-008.modified
1786820994|cdnserver|A|/persistence/reactor_repository.py/activity/e54dff5-009.modified
1786820994|cdnserver|A|/tests/test_consensus_web.py/activity/e54dff5-010.modified
1786820994|cdnserver|A|/tests/test_web_assets.py/activity/e54dff5-011.modified
1786820994|cdnserver|A|/tests/test_windows_consensus_launcher.py/activity/e54dff5-012.modified
1786820994|cdnserver|A|/web/consensus/ovr.css/activity/e54dff5-013.added
1786820994|cdnserver|M|/web/consensus/activity/e54dff5-014.dir1.added
1786820994|cdnserver|A|/web/consensus/ovr.html/activity/e54dff5-015.added
1786820994|cdnserver|M|/web/consensus/activity/e54dff5-016.dir1.added
1786820994|cdnserver|A|/web/consensus/ovr.js/activity/e54dff5-017.added
1786820994|cdnserver|M|/web/consensus/activity/e54dff5-018.dir1.added
1786820994|cdnserver|A|/web/consensus/portal-theme.css/activity/e54dff5-019.modified
1786820994|cdnserver|M|/web/consensus/activity/e54dff5-020.dir1.modified
1786820994|cdnserver|A|/web/consensus/portal.html/activity/e54dff5-021.modified
1786820994|cdnserver|M|/web/consensus/activity/e54dff5-022.dir1.modified
1786820994|cdnserver|A|/web/consensus/portal.js/activity/e54dff5-023.modified
1786820994|cdnserver|M|/web/consensus/activity/e54dff5-024.dir1.modified
1786824190|cdnserver|A|/_root/main.py/activity/f033073-001.modified
1786824190|cdnserver|A|/modules/consensus_admin_web.py/activity/f033073-002.modified
1786824190|cdnserver|A|/modules/consensus_web.py/activity/f033073-003.modified
1786824190|cdnserver|A|/modules/consensus_web_auth.py/activity/f033073-004.modified
1786824190|cdnserver|A|/modules/reactor_legislation.py/activity/f033073-005.modified
1786824190|cdnserver|A|/modules/reactor_web.py/activity/f033073-006.modified
1786824190|cdnserver|A|/persistence/global_ban_repository.py/activity/f033073-007.added
1786824190|cdnserver|A|/persistence/reactor_repository.py/activity/f033073-008.modified
1786824190|cdnserver|A|/persistence/schema.py/activity/f033073-009.modified
1786824190|cdnserver|A|/_root/storage.py/activity/f033073-010.modified
1786824190|cdnserver|A|/tests/test_consensus_web.py/activity/f033073-011.modified
1786824190|cdnserver|A|/tests/test_global_ban.py/activity/f033073-012.added
1786824190|cdnserver|A|/tests/test_web_assets.py/activity/f033073-013.modified
1786824190|cdnserver|A|/web/consensus/admin.css/activity/f033073-014.modified
1786824190|cdnserver|M|/web/consensus/activity/f033073-015.dir1.modified
1786824190|cdnserver|A|/web/consensus/admin.html/activity/f033073-016.modified
1786824190|cdnserver|M|/web/consensus/activity/f033073-017.dir1.modified
1786824190|cdnserver|A|/web/consensus/admin.js/activity/f033073-018.modified
1786824190|cdnserver|M|/web/consensus/activity/f033073-019.dir1.modified
1786824190|cdnserver|A|/web/consensus/app.js/activity/f033073-020.modified
1786824190|cdnserver|M|/web/consensus/activity/f033073-021.dir1.modified
1786824190|cdnserver|A|/web/consensus/ban-seal.svg/activity/f033073-022.added
1786824190|cdnserver|M|/web/consensus/activity/f033073-023.dir1.added
1786824190|cdnserver|A|/web/consensus/banned.css/activity/f033073-024.added
1786824190|cdnserver|M|/web/consensus/activity/f033073-025.dir1.added
1786824190|cdnserver|A|/web/consensus/banned.html/activity/f033073-026.added
1786824190|cdnserver|M|/web/consensus/activity/f033073-027.dir1.added
1786824190|cdnserver|A|/web/consensus/banned.js/activity/f033073-028.added
1786824190|cdnserver|M|/web/consensus/activity/f033073-029.dir1.added
1786824190|cdnserver|A|/web/consensus/index.html/activity/f033073-030.modified
1786824190|cdnserver|M|/web/consensus/activity/f033073-031.dir1.modified
1786824190|cdnserver|A|/web/consensus/portal.html/activity/f033073-032.modified
1786824190|cdnserver|M|/web/consensus/activity/f033073-033.dir1.modified
1786824190|cdnserver|A|/web/consensus/portal.js/activity/f033073-034.modified
1786824190|cdnserver|M|/web/consensus/activity/f033073-035.dir1.modified
1786824190|cdnserver|A|/web/consensus/tasks.css/activity/f033073-036.added
1786824190|cdnserver|M|/web/consensus/activity/f033073-037.dir1.added
1786824190|cdnserver|A|/web/consensus/tasks.html/activity/f033073-038.added
1786824190|cdnserver|M|/web/consensus/activity/f033073-039.dir1.added
1786824190|cdnserver|A|/web/consensus/tasks.js/activity/f033073-040.added
1786824190|cdnserver|M|/web/consensus/activity/f033073-041.dir1.added
1786825427|cdnserver|A|/modules/consensus_web.py/activity/31aa5bc-001.modified
1786825427|cdnserver|A|/modules/profile.py/activity/31aa5bc-002.modified
1786825427|cdnserver|A|/persistence/profile_repository.py/activity/31aa5bc-003.modified
1786825427|cdnserver|A|/persistence/schema.py/activity/31aa5bc-004.modified
1786825427|cdnserver|A|/tests/test_profile.py/activity/31aa5bc-005.modified
1786825427|cdnserver|A|/tests/test_web_assets.py/activity/31aa5bc-006.modified
1786825427|cdnserver|A|/web/consensus/portal-focus.css/activity/31aa5bc-007.added
1786825427|cdnserver|M|/web/consensus/activity/31aa5bc-008.dir1.added
1786825427|cdnserver|A|/web/consensus/portal.html/activity/31aa5bc-009.modified
1786825427|cdnserver|M|/web/consensus/activity/31aa5bc-010.dir1.modified
1786825427|cdnserver|A|/web/consensus/portal.js/activity/31aa5bc-011.modified
1786825427|cdnserver|M|/web/consensus/activity/31aa5bc-012.dir1.modified
1786827207|cdnserver|A|/_root/run_windows.bat/activity/ca94688-001.modified
1786827207|cdnserver|A|/tests/test_windows_consensus_launcher.py/activity/ca94688-002.modified
1786896559|cdnserver|A|/_root/.gitignore/activity/6da59f4-001.modified
1786896559|cdnserver|A|/_root/README_RU.md/activity/6da59f4-002.modified
1786896559|cdnserver|A|/desktop/README.md/activity/6da59f4-003.added
1786896559|cdnserver|A|/desktop/build_windows.bat/activity/6da59f4-004.added
1786896559|cdnserver|A|/desktop/electron.vite.config.ts/activity/6da59f4-005.added
1786896559|cdnserver|A|/desktop/package.json/activity/6da59f4-006.added
1786896559|cdnserver|A|/desktop/pnpm-lock.yaml/activity/6da59f4-007.added
1786896559|cdnserver|A|/desktop/pnpm-workspace.yaml/activity/6da59f4-008.added
1786896559|cdnserver|A|/desktop/resources/icon.png/activity/6da59f4-009.added
1786896559|cdnserver|M|/desktop/resources/activity/6da59f4-010.dir1.added
1786896559|cdnserver|A|/desktop/resources/icon.svg/activity/6da59f4-011.added
1786896559|cdnserver|M|/desktop/resources/activity/6da59f4-012.dir1.added
1786896559|cdnserver|A|/desktop/run_dev_windows.bat/activity/6da59f4-013.added
1786896559|cdnserver|A|/desktop/src/main/index.ts/activity/6da59f4-014.added
1786896559|cdnserver|M|/desktop/src/activity/6da59f4-015.dir1.added
1786896559|cdnserver|M|/desktop/src/main/activity/6da59f4-016.dir2.added
1786896559|cdnserver|A|/desktop/src/preload/index.ts/activity/6da59f4-017.added
1786896559|cdnserver|M|/desktop/src/activity/6da59f4-018.dir1.added
1786896559|cdnserver|M|/desktop/src/preload/activity/6da59f4-019.dir2.added
1786896559|cdnserver|A|/desktop/src/renderer/App.tsx/activity/6da59f4-020.added
1786896559|cdnserver|M|/desktop/src/activity/6da59f4-021.dir1.added
1786896559|cdnserver|M|/desktop/src/renderer/activity/6da59f4-022.dir2.added
1786896559|cdnserver|A|/desktop/src/renderer/index.html/activity/6da59f4-023.added
1786896559|cdnserver|M|/desktop/src/activity/6da59f4-024.dir1.added
1786896559|cdnserver|M|/desktop/src/renderer/activity/6da59f4-025.dir2.added
1786896559|cdnserver|A|/desktop/src/renderer/main.tsx/activity/6da59f4-026.added
1786896559|cdnserver|M|/desktop/src/activity/6da59f4-027.dir1.added
1786896559|cdnserver|M|/desktop/src/renderer/activity/6da59f4-028.dir2.added
1786896559|cdnserver|A|/desktop/src/renderer/styles.css/activity/6da59f4-029.added
1786896559|cdnserver|M|/desktop/src/activity/6da59f4-030.dir1.added
1786896559|cdnserver|M|/desktop/src/renderer/activity/6da59f4-031.dir2.added
1786896559|cdnserver|A|/desktop/src/shared/contracts.ts/activity/6da59f4-032.added
1786896559|cdnserver|M|/desktop/src/activity/6da59f4-033.dir1.added
1786896559|cdnserver|M|/desktop/src/shared/activity/6da59f4-034.dir2.added
1786896559|cdnserver|A|/desktop/src/shared/services.ts/activity/6da59f4-035.added
1786896559|cdnserver|M|/desktop/src/activity/6da59f4-036.dir1.added
1786896559|cdnserver|M|/desktop/src/shared/activity/6da59f4-037.dir2.added
1786896559|cdnserver|A|/desktop/tests/services.test.ts/activity/6da59f4-038.added
1786896559|cdnserver|M|/desktop/tests/activity/6da59f4-039.dir1.added
1786896559|cdnserver|A|/desktop/tsconfig.json/activity/6da59f4-040.added
1786896559|cdnserver|A|/modules/consensus_web.py/activity/6da59f4-041.modified
1786896559|cdnserver|A|/modules/reactor_web.py/activity/6da59f4-042.modified
1786896559|cdnserver|A|/tests/test_desktop_bootstrap.py/activity/6da59f4-043.added
1786901525|cdnserver|A|/.github/workflows/desktop-release.yml/activity/21989f5-001.added
1786901525|cdnserver|M|/.github/workflows/activity/21989f5-002.dir1.added
1786901525|cdnserver|A|/desktop/README.md/activity/21989f5-003.modified
1786901525|cdnserver|A|/desktop/package.json/activity/21989f5-004.modified
1786901525|cdnserver|A|/desktop/pnpm-lock.yaml/activity/21989f5-005.modified
1786901525|cdnserver|A|/desktop/src/main/index.ts/activity/21989f5-006.modified
1786901525|cdnserver|M|/desktop/src/activity/21989f5-007.dir1.modified
1786901525|cdnserver|M|/desktop/src/main/activity/21989f5-008.dir2.modified
1786901525|cdnserver|A|/desktop/src/preload/index.ts/activity/21989f5-009.modified
1786901525|cdnserver|M|/desktop/src/activity/21989f5-010.dir1.modified
1786901525|cdnserver|M|/desktop/src/preload/activity/21989f5-011.dir2.modified
1786901525|cdnserver|A|/desktop/src/renderer/App.tsx/activity/21989f5-012.modified
1786901525|cdnserver|M|/desktop/src/activity/21989f5-013.dir1.modified
1786901525|cdnserver|M|/desktop/src/renderer/activity/21989f5-014.dir2.modified
1786901525|cdnserver|A|/desktop/src/renderer/styles.css/activity/21989f5-015.modified
1786901525|cdnserver|M|/desktop/src/activity/21989f5-016.dir1.modified
1786901525|cdnserver|M|/desktop/src/renderer/activity/21989f5-017.dir2.modified
1786901525|cdnserver|A|/desktop/src/shared/contracts.ts/activity/21989f5-018.modified
1786901525|cdnserver|M|/desktop/src/activity/21989f5-019.dir1.modified
1786901525|cdnserver|M|/desktop/src/shared/activity/21989f5-020.dir2.modified
1786902143|cdnserver|A|/.github/workflows/desktop-release.yml/activity/364e05c-001.modified
1786902143|cdnserver|M|/.github/workflows/activity/364e05c-002.dir1.modified
1786902143|cdnserver|A|/desktop/package.json/activity/364e05c-003.modified
1786902143|cdnserver|A|/desktop/src/main/index.ts/activity/364e05c-004.modified
1786902143|cdnserver|M|/desktop/src/activity/364e05c-005.dir1.modified
1786902143|cdnserver|M|/desktop/src/main/activity/364e05c-006.dir2.modified
1786903143|cdnserver|A|/web/sgl/.source.json/activity/0e65a1f-001.modified
1786903143|cdnserver|M|/web/sgl/activity/0e65a1f-002.dir1.modified
1786903143|cdnserver|A|/web/sgl/app-ui.css/activity/0e65a1f-003.added
1786903143|cdnserver|M|/web/sgl/activity/0e65a1f-004.dir1.added
1786903143|cdnserver|A|/web/sgl/app-ui.js/activity/0e65a1f-005.added
1786903143|cdnserver|M|/web/sgl/activity/0e65a1f-006.dir1.added
1786903143|cdnserver|A|/web/sgl/index.html/activity/0e65a1f-007.modified
1786903143|cdnserver|M|/web/sgl/activity/0e65a1f-008.dir1.modified
1786903143|cdnserver|A|/web/sgl/site.css/activity/0e65a1f-009.added
1786903143|cdnserver|M|/web/sgl/activity/0e65a1f-010.dir1.added
1786903143|cdnserver|A|/web/sgl/site.js/activity/0e65a1f-011.added
1786903143|cdnserver|M|/web/sgl/activity/0e65a1f-012.dir1.added
1786905852|cdnserver|A|/modules/sgl_web.py/activity/5454909-001.modified
1786905852|cdnserver|A|/tests/test_consensus_web.py/activity/5454909-002.modified
1786906134|cdnserver|A|/web/sgl/index.html/activity/8512bcb-001.modified
1786906134|cdnserver|M|/web/sgl/activity/8512bcb-002.dir1.modified
1786960160|cdnserver|A|/desktop/README.md/activity/2de4912-001.modified
1786960160|cdnserver|A|/desktop/electron.vite.config.ts/activity/2de4912-002.modified
1786960160|cdnserver|A|/desktop/package.json/activity/2de4912-003.modified
1786960160|cdnserver|A|/desktop/resources/dmg-background.png/activity/2de4912-004.added
1786960160|cdnserver|M|/desktop/resources/activity/2de4912-005.dir1.added
1786960160|cdnserver|A|/desktop/resources/dmg-background.svg/activity/2de4912-006.added
1786960160|cdnserver|M|/desktop/resources/activity/2de4912-007.dir1.added
1786960160|cdnserver|A|/desktop/resources/installer-header.bmp/activity/2de4912-008.added
1786960160|cdnserver|M|/desktop/resources/activity/2de4912-009.dir1.added
1786960160|cdnserver|A|/desktop/resources/installer-header.svg/activity/2de4912-010.added
1786960160|cdnserver|M|/desktop/resources/activity/2de4912-011.dir1.added
1786960160|cdnserver|A|/desktop/resources/installer-sidebar.bmp/activity/2de4912-012.added
1786960160|cdnserver|M|/desktop/resources/activity/2de4912-013.dir1.added
1786960160|cdnserver|A|/desktop/resources/installer-sidebar.svg/activity/2de4912-014.added
1786960160|cdnserver|M|/desktop/resources/activity/2de4912-015.dir1.added
1786960160|cdnserver|A|/desktop/src/main/index.ts/activity/2de4912-016.modified
1786960160|cdnserver|M|/desktop/src/activity/2de4912-017.dir1.modified
1786960160|cdnserver|M|/desktop/src/main/activity/2de4912-018.dir2.modified
1786960160|cdnserver|A|/desktop/src/preload/index.ts/activity/2de4912-019.modified
1786960160|cdnserver|M|/desktop/src/activity/2de4912-020.dir1.modified
1786960160|cdnserver|M|/desktop/src/preload/activity/2de4912-021.dir2.modified
1786960160|cdnserver|A|/desktop/src/renderer/App.tsx/activity/2de4912-022.modified
1786960160|cdnserver|M|/desktop/src/activity/2de4912-023.dir1.modified
1786960160|cdnserver|M|/desktop/src/renderer/activity/2de4912-024.dir2.modified
1786960160|cdnserver|A|/desktop/src/renderer/styles.css/activity/2de4912-025.modified
1786960160|cdnserver|M|/desktop/src/activity/2de4912-026.dir1.modified
1786960160|cdnserver|M|/desktop/src/renderer/activity/2de4912-027.dir2.modified
1786960160|cdnserver|A|/desktop/src/shared/contracts.ts/activity/2de4912-028.modified
1786960160|cdnserver|M|/desktop/src/activity/2de4912-029.dir1.modified
1786960160|cdnserver|M|/desktop/src/shared/activity/2de4912-030.dir2.modified
1786960160|cdnserver|A|/desktop/src/shared/services.ts/activity/2de4912-031.modified
1786960160|cdnserver|M|/desktop/src/activity/2de4912-032.dir1.modified
1786960160|cdnserver|M|/desktop/src/shared/activity/2de4912-033.dir2.modified
1786960160|cdnserver|A|/desktop/tests/release.test.ts/activity/2de4912-034.added
1786960160|cdnserver|M|/desktop/tests/activity/2de4912-035.dir1.added
1786960160|cdnserver|A|/desktop/tests/services.test.ts/activity/2de4912-036.modified
1786960160|cdnserver|M|/desktop/tests/activity/2de4912-037.dir1.modified
1786960160|cdnserver|A|/modules/consensus_web.py/activity/2de4912-038.modified
1786960160|cdnserver|A|/tests/test_desktop_bootstrap.py/activity/2de4912-039.modified
1786961756|cdnserver|A|/desktop/package.json/activity/cc44812-001.modified
1786961756|cdnserver|A|/desktop/src/main/index.ts/activity/cc44812-002.modified
1786961756|cdnserver|M|/desktop/src/activity/cc44812-003.dir1.modified
1786961756|cdnserver|M|/desktop/src/main/activity/cc44812-004.dir2.modified
1786961756|cdnserver|A|/desktop/src/preload/index.ts/activity/cc44812-005.modified
1786961756|cdnserver|M|/desktop/src/activity/cc44812-006.dir1.modified
1786961756|cdnserver|M|/desktop/src/preload/activity/cc44812-007.dir2.modified
1786961756|cdnserver|A|/desktop/src/renderer/App.tsx/activity/cc44812-008.modified
1786961756|cdnserver|M|/desktop/src/activity/cc44812-009.dir1.modified
1786961756|cdnserver|M|/desktop/src/renderer/activity/cc44812-010.dir2.modified
1786961756|cdnserver|A|/desktop/src/renderer/styles.css/activity/cc44812-011.modified
1786961756|cdnserver|M|/desktop/src/activity/cc44812-012.dir1.modified
1786961756|cdnserver|M|/desktop/src/renderer/activity/cc44812-013.dir2.modified
1786961756|cdnserver|A|/desktop/src/shared/contracts.ts/activity/cc44812-014.modified
1786961756|cdnserver|M|/desktop/src/activity/cc44812-015.dir1.modified
1786961756|cdnserver|M|/desktop/src/shared/activity/cc44812-016.dir2.modified
1786961756|cdnserver|A|/desktop/tests/release.test.ts/activity/cc44812-017.modified
1786961756|cdnserver|M|/desktop/tests/activity/cc44812-018.dir1.modified
